Section 5;;;;;Area;Min Value;102;;Area;;;;;Min Feret Diameter;;;;;Mean Gray Value;;;;;
ROIs;Area [um^2];Mean Gray Value;Min Feret [um];;;Max Value;10.740;;Lower Limit of Interval;Upper Limit of Interval;Absolute Frequency;Relative Frequency (%);;Lower Limit of Interval;Upper Limit of Interval;Absolute Frequency;Relative Frequency (%);;Lower Limit of Interval;Upper Limit of Interval;Absolute Frequency;Relative Frequency (%);Number of Positive Fibers;Percentage of Positive Fibers
1;1.528;6;46,325;;;;;;0;500;353;15,516;;0;10;33,000;1,451;;0;10;2208,000;97,055;67,000;2,945
2;1.406;4;40,809;;Mean Gray Value;Min Value;1;;501;1000;499;21,934;;11;20;319,000;14,022;;11;20;32,000;1,407;;
3;2.049;5;44,758;;;Max Value;53;;1001;1500;484;21,275;;21;30;565,000;24,835;;21;30;17,000;0,747;;
4;743;10;28,734;;;;;;1501;2000;311;13,670;;31;40;623,000;27,385;;31;40;15,000;0,659;;
5;1.163;3;28,14;;Min Feret;Min Value;6,786;;2001;2500;200;8,791;;41;50;388,000;17,055;;41;50;2,000;0,088;;
6;1.500;5;45,465;;;Max Value;98,773;;2501;3000;145;6,374;;51;60;239,000;10,505;;51;60;1,000;0,044;;
7;1.687;5;37,943;;;;;;3001;3500;111;4,879;;61;70;85,000;3,736;;61;70;0,000;0,000;;
8;2.880;3;44,012;;Total Number of Fibers;2275;;;3501;4000;85;3,736;;71;80;20,000;0,879;;71;80;0,000;0,000;;
9;1.275;4;30,793;;;;;;4001;4500;44;1,934;;81;90;1,000;0,044;;81;90;0,000;0,000;;
10;989;4;35,367;;;;;;4501;5000;18;0,791;;91;100;2,000;0,088;;91;100;0,000;0,000;;
11;2.028;3;36,548;;Non-Scaled [pixel];;;;5001;5500;17;0,747;;;;0;100;;;;0;100,00;;
12;1.759;6;47,692;;2,4375;1;;;5501;6000;5;0,220;;;;;;;;;;;;
13;3.841;5;51,326;;pixel;um;;;6001;6500;1;0,044;;;;;;;;;;;;
14;977;5;34,379;;;;;;6501;7000;0;0,000;;;;;;;;;;;;
15;2.772;6;52,489;;5,94140625;pixels^2;;;7001;7500;0;0,000;;;;;;;;;;;;
16;193;1;14,32;;;;;;7501;8000;1;0,044;;;;;;;;;;;;
17;1.242;5;26,205;;;;;;8001;8500;0;0,000;;;;;;;;;;;;
18;385;6;24,187;;2,4375 pixel : 1 um;x : valore ;;;8501;9000;0;0,000;;;;;;;;;;;;
19;3.260;5;56,076;;;;;;9001;9500;0;0,000;;;;;;;;;;;;
20;2.778;2;33,855;;Media Area;1.559;um^2;;9501;10000;0;0,000;;;;;;;;;;;;
21;3.479;2;62,516;;x =;9262,652344;pixel^2;;;;1;100;;;;;;;;;;;;
22;2.684;4;39,034;;;;;;;;;;;;;;;;;;;;;
23;2.955;2;45,23;;Dev Std;1142,571997;um^2;;;;;;;;;;;;;;;;;
24;2.359;2;41,297;;;6788,484404;;;;;;;;;;;;;;;;;;
25;1.250;2;38,564;;;;;;;;;;;;;;;;;;;;;
26;2.959;4;57,099;;;;;;;;;;;;;;;;;;;;;
27;2.005;4;42,325;;;;;;;;;;;;;;;;;;;;;
28;1.222;4;38,098;;;;;;;;;;;;;;;;;;;;;
29;1.944;3;37,082;;;;;;;;;;;;;;;;;;;;;
30;2.845;3;48,177;;;;;;;;;;;;;;;;;;;;;
31;2.032;2;44,947;;;;;;;;;;;;;;;;;;;;;
32;355;2;13,631;;;;;;;;;;;;;;;;;;;;;
33;945;1;24,244;;;;;;;;;;;;;;;;;;;;;
34;1.849;2;42,225;;;;;;;;;;;;;;;;;;;;;
35;1.039;3;29,594;;;;;;;;;;;;;;;;;;;;;
36;973;4;28,093;;;;;;;;;;;;;;;;;;;;;
37;2.340;3;49,531;;;;;;;;;;;;;;;;;;;;;
38;1.537;3;30,778;;;;;;;;;;;;;;;;;;;;;
39;1.904;2;40,816;;;;;;;;;;;;;;;;;;;;;
40;2.818;3;49,682;;;;;;;;;;;;;;;;;;;;;
41;951;3;28,56;;;;;;;;;;;;;;;;;;;;;
42;989;1;31,941;;;;;;;;;;;;;;;;;;;;;
43;3.023;2;58,198;;;;;;;;;;;;;;;;;;;;;
44;2.345;6;40,958;;;;;;;;;;;;;;;;;;;;;
45;497;4;24,889;;;;;;;;;;;;;;;;;;;;;
46;404;4;23,142;;;;;;;;;;;;;;;;;;;;;
47;3.437;3;53,446;;;;;;;;;;;;;;;;;;;;;
48;3.476;4;54,862;;;;;;;;;;;;;;;;;;;;;
49;2.351;2;45,619;;;;;;;;;;;;;;;;;;;;;
50;2.196;3;46,621;;;;;;;;;;;;;;;;;;;;;
51;2.060;2;33,45;;;;;;;;;;;;;;;;;;;;;
52;2.405;2;48,572;;;;;;;;;;;;;;;;;;;;;
53;3.455;3;61,291;;;;;;;;;;;;;;;;;;;;;
54;1.895;5;44,688;;;;;;;;;;;;;;;;;;;;;
55;604;5;28,359;;;;;;;;;;;;;;;;;;;;;
56;480;3;20,913;;;;;;;;;;;;;;;;;;;;;
57;1.340;3;37,245;;;;;;;;;;;;;;;;;;;;;
58;2.720;2;45,152;;;;;;;;;;;;;;;;;;;;;
59;866;2;26,038;;;;;;;;;;;;;;;;;;;;;
60;561;6;18,706;;;;;;;;;;;;;;;;;;;;;
61;1.167;4;34,772;;;;;;;;;;;;;;;;;;;;;
62;2.564;5;58,079;;;;;;;;;;;;;;;;;;;;;
63;2.698;3;55,883;;;;;;;;;;;;;;;;;;;;;
64;2.841;2;47,651;;;;;;;;;;;;;;;;;;;;;
65;2.300;2;42,481;;;;;;;;;;;;;;;;;;;;;
66;303;2;18,783;;;;;;;;;;;;;;;;;;;;;
67;973;6;31,4;;;;;;;;;;;;;;;;;;;;;
68;3.144;3;56,931;;;;;;;;;;;;;;;;;;;;;
69;3.376;3;42,514;;;;;;;;;;;;;;;;;;;;;
70;2.161;3;44,651;;;;;;;;;;;;;;;;;;;;;
71;939;7;29,128;;;;;;;;;;;;;;;;;;;;;
72;2.841;2;49,15;;;;;;;;;;;;;;;;;;;;;
73;1.169;3;31,356;;;;;;;;;;;;;;;;;;;;;
74;949;4;29,668;;;;;;;;;;;;;;;;;;;;;
75;604;4;15,524;;;;;;;;;;;;;;;;;;;;;
76;2.500;2;45,007;;;;;;;;;;;;;;;;;;;;;
77;979;2;23,472;;;;;;;;;;;;;;;;;;;;;
78;3.114;2;42,882;;;;;;;;;;;;;;;;;;;;;
79;2.424;2;48,62;;;;;;;;;;;;;;;;;;;;;
80;3.122;2;51,407;;;;;;;;;;;;;;;;;;;;;
81;1.498;4;43,912;;;;;;;;;;;;;;;;;;;;;
82;2.287;3;51,056;;;;;;;;;;;;;;;;;;;;;
83;3.588;2;59,558;;;;;;;;;;;;;;;;;;;;;
84;935;1;24,836;;;;;;;;;;;;;;;;;;;;;
85;2.443;4;48,397;;;;;;;;;;;;;;;;;;;;;
86;395;4;20,695;;;;;;;;;;;;;;;;;;;;;
87;1.070;4;37,127;;;;;;;;;;;;;;;;;;;;;
88;835;2;23,524;;;;;;;;;;;;;;;;;;;;;
89;1.318;4;35,371;;;;;;;;;;;;;;;;;;;;;
90;2.200;4;41,414;;;;;;;;;;;;;;;;;;;;;
91;2.264;3;43,775;;;;;;;;;;;;;;;;;;;;;
92;363;5;16,217;;;;;;;;;;;;;;;;;;;;;
93;2.252;4;41,965;;;;;;;;;;;;;;;;;;;;;
94;1.742;4;40,76;;;;;;;;;;;;;;;;;;;;;
95;1.326;4;36,462;;;;;;;;;;;;;;;;;;;;;
96;3.369;4;51,605;;;;;;;;;;;;;;;;;;;;;
97;1.396;3;31,738;;;;;;;;;;;;;;;;;;;;;
98;1.513;4;44,415;;;;;;;;;;;;;;;;;;;;;
99;433;5;18,806;;;;;;;;;;;;;;;;;;;;;
100;2.331;2;46,02;;;;;;;;;;;;;;;;;;;;;
101;876;1;31,424;;;;;;;;;;;;;;;;;;;;;
102;441;4;22,459;;;;;;;;;;;;;;;;;;;;;
103;3.494;2;55,078;;;;;;;;;;;;;;;;;;;;;
104;544;5;20,191;;;;;;;;;;;;;;;;;;;;;
105;130;4;11,314;;;;;;;;;;;;;;;;;;;;;
106;2.899;2;41,329;;;;;;;;;;;;;;;;;;;;;
107;2.750;2;57,794;;;;;;;;;;;;;;;;;;;;;
108;2.998;3;59,52;;;;;;;;;;;;;;;;;;;;;
109;194;5;15,04;;;;;;;;;;;;;;;;;;;;;
110;376;5;15,292;;;;;;;;;;;;;;;;;;;;;
111;2.936;2;47,304;;;;;;;;;;;;;;;;;;;;;
112;881;4;29,442;;;;;;;;;;;;;;;;;;;;;
113;583;3;19,345;;;;;;;;;;;;;;;;;;;;;
114;1.588;3;44,001;;;;;;;;;;;;;;;;;;;;;
115;1.094;4;22,49;;;;;;;;;;;;;;;;;;;;;
116;638;4;23,895;;;;;;;;;;;;;;;;;;;;;
117;1.650;5;39,39;;;;;;;;;;;;;;;;;;;;;
118;1.211;4;34,547;;;;;;;;;;;;;;;;;;;;;
119;1.108;5;34,493;;;;;;;;;;;;;;;;;;;;;
120;1.297;3;30,677;;;;;;;;;;;;;;;;;;;;;
121;1.096;4;34,091;;;;;;;;;;;;;;;;;;;;;
122;2.278;3;43,514;;;;;;;;;;;;;;;;;;;;;
123;3.377;3;56,253;;;;;;;;;;;;;;;;;;;;;
124;2.144;3;38,673;;;;;;;;;;;;;;;;;;;;;
125;1.095;6;33,048;;;;;;;;;;;;;;;;;;;;;
126;3.961;3;61,156;;;;;;;;;;;;;;;;;;;;;
127;1.125;3;32,224;;;;;;;;;;;;;;;;;;;;;
128;2.582;4;33,671;;;;;;;;;;;;;;;;;;;;;
129;1.786;2;40,148;;;;;;;;;;;;;;;;;;;;;
130;819;3;27,567;;;;;;;;;;;;;;;;;;;;;
131;2.023;3;44,378;;;;;;;;;;;;;;;;;;;;;
132;1.855;5;38,366;;;;;;;;;;;;;;;;;;;;;
133;1.962;2;29,804;;;;;;;;;;;;;;;;;;;;;
134;1.482;4;29,694;;;;;;;;;;;;;;;;;;;;;
135;2.266;4;44,254;;;;;;;;;;;;;;;;;;;;;
136;1.411;3;36,407;;;;;;;;;;;;;;;;;;;;;
137;4.626;3;65,99;;;;;;;;;;;;;;;;;;;;;
138;681;6;24,446;;;;;;;;;;;;;;;;;;;;;
139;5.040;3;52,74;;;;;;;;;;;;;;;;;;;;;
140;520;4;19,905;;;;;;;;;;;;;;;;;;;;;
141;1.133;4;35,125;;;;;;;;;;;;;;;;;;;;;
142;3.032;4;55,712;;;;;;;;;;;;;;;;;;;;;
143;2.252;4;53,189;;;;;;;;;;;;;;;;;;;;;
144;2.023;3;44,885;;;;;;;;;;;;;;;;;;;;;
145;446;6;17,097;;;;;;;;;;;;;;;;;;;;;
146;2.235;4;36,49;;;;;;;;;;;;;;;;;;;;;
147;308;1;16,057;;;;;;;;;;;;;;;;;;;;;
148;2.987;3;64,259;;;;;;;;;;;;;;;;;;;;;
149;1.878;2;42,344;;;;;;;;;;;;;;;;;;;;;
150;2.501;3;51,578;;;;;;;;;;;;;;;;;;;;;
151;1.032;5;27,562;;;;;;;;;;;;;;;;;;;;;
152;3.438;2;63,184;;;;;;;;;;;;;;;;;;;;;
153;2.125;3;47,823;;;;;;;;;;;;;;;;;;;;;
154;5.180;3;63,993;;;;;;;;;;;;;;;;;;;;;
155;3.220;2;49,824;;;;;;;;;;;;;;;;;;;;;
156;1.477;3;38,672;;;;;;;;;;;;;;;;;;;;;
157;1.769;3;43,294;;;;;;;;;;;;;;;;;;;;;
158;1.216;4;34,273;;;;;;;;;;;;;;;;;;;;;
159;410;2;23,42;;;;;;;;;;;;;;;;;;;;;
160;850;6;30,29;;;;;;;;;;;;;;;;;;;;;
161;1.324;5;33,131;;;;;;;;;;;;;;;;;;;;;
162;1.052;5;26,838;;;;;;;;;;;;;;;;;;;;;
163;1.423;2;41,22;;;;;;;;;;;;;;;;;;;;;
164;3.933;2;53,434;;;;;;;;;;;;;;;;;;;;;
165;1.805;5;38,792;;;;;;;;;;;;;;;;;;;;;
166;512;4;22,735;;;;;;;;;;;;;;;;;;;;;
167;943;5;33,78;;;;;;;;;;;;;;;;;;;;;
168;3.728;2;59,862;;;;;;;;;;;;;;;;;;;;;
169;558;4;22,564;;;;;;;;;;;;;;;;;;;;;
170;1.854;4;37,487;;;;;;;;;;;;;;;;;;;;;
171;5.666;3;65,003;;;;;;;;;;;;;;;;;;;;;
172;1.005;5;25,654;;;;;;;;;;;;;;;;;;;;;
173;3.668;4;65,71;;;;;;;;;;;;;;;;;;;;;
174;439;1;14,298;;;;;;;;;;;;;;;;;;;;;
175;3.657;2;53,276;;;;;;;;;;;;;;;;;;;;;
176;999;3;31,093;;;;;;;;;;;;;;;;;;;;;
177;2.418;2;49,49;;;;;;;;;;;;;;;;;;;;;
178;1.478;4;36,777;;;;;;;;;;;;;;;;;;;;;
179;2.591;4;55,05;;;;;;;;;;;;;;;;;;;;;
180;4.085;2;55,551;;;;;;;;;;;;;;;;;;;;;
181;2.125;3;48,769;;;;;;;;;;;;;;;;;;;;;
182;3.117;3;53,843;;;;;;;;;;;;;;;;;;;;;
183;3.803;1;53,772;;;;;;;;;;;;;;;;;;;;;
184;434;4;20,341;;;;;;;;;;;;;;;;;;;;;
185;1.970;4;30,86;;;;;;;;;;;;;;;;;;;;;
186;1.325;3;36,774;;;;;;;;;;;;;;;;;;;;;
187;1.287;4;27,616;;;;;;;;;;;;;;;;;;;;;
188;2.512;4;51,344;;;;;;;;;;;;;;;;;;;;;
189;4.252;5;62,007;;;;;;;;;;;;;;;;;;;;;
190;1.555;3;37,937;;;;;;;;;;;;;;;;;;;;;
191;3.336;3;56,596;;;;;;;;;;;;;;;;;;;;;
192;1.748;5;41,843;;;;;;;;;;;;;;;;;;;;;
193;992;7;28,763;;;;;;;;;;;;;;;;;;;;;
194;1.236;4;25,467;;;;;;;;;;;;;;;;;;;;;
195;1.010;4;32,731;;;;;;;;;;;;;;;;;;;;;
196;3.309;2;50,327;;;;;;;;;;;;;;;;;;;;;
197;1.042;5;31,985;;;;;;;;;;;;;;;;;;;;;
198;1.384;3;34,003;;;;;;;;;;;;;;;;;;;;;
199;3.842;3;51,824;;;;;;;;;;;;;;;;;;;;;
200;1.294;4;29,324;;;;;;;;;;;;;;;;;;;;;
201;878;4;32,779;;;;;;;;;;;;;;;;;;;;;
202;3.779;2;68,36;;;;;;;;;;;;;;;;;;;;;
203;2.772;4;58,019;;;;;;;;;;;;;;;;;;;;;
204;2.801;3;49,642;;;;;;;;;;;;;;;;;;;;;
205;1.686;5;30,234;;;;;;;;;;;;;;;;;;;;;
206;1.237;3;32,17;;;;;;;;;;;;;;;;;;;;;
207;4.266;2;63,464;;;;;;;;;;;;;;;;;;;;;
208;2.951;3;49,026;;;;;;;;;;;;;;;;;;;;;
209;1.782;3;43,712;;;;;;;;;;;;;;;;;;;;;
210;2.431;4;37,375;;;;;;;;;;;;;;;;;;;;;
211;2.699;3;47,007;;;;;;;;;;;;;;;;;;;;;
212;329;3;19,651;;;;;;;;;;;;;;;;;;;;;
213;1.220;3;24,882;;;;;;;;;;;;;;;;;;;;;
214;2.985;4;53,566;;;;;;;;;;;;;;;;;;;;;
215;2.133;4;47,6;;;;;;;;;;;;;;;;;;;;;
216;1.225;5;32,713;;;;;;;;;;;;;;;;;;;;;
217;1.333;3;38,933;;;;;;;;;;;;;;;;;;;;;
218;2.104;2;44,69;;;;;;;;;;;;;;;;;;;;;
219;916;3;29,968;;;;;;;;;;;;;;;;;;;;;
220;2.759;3;47,727;;;;;;;;;;;;;;;;;;;;;
221;3.175;2;58,9;;;;;;;;;;;;;;;;;;;;;
222;1.677;5;37,221;;;;;;;;;;;;;;;;;;;;;
223;899;4;33,525;;;;;;;;;;;;;;;;;;;;;
224;4.797;3;65,205;;;;;;;;;;;;;;;;;;;;;
225;1.378;6;39,858;;;;;;;;;;;;;;;;;;;;;
226;2.463;2;43,51;;;;;;;;;;;;;;;;;;;;;
227;1.111;3;29,345;;;;;;;;;;;;;;;;;;;;;
228;3.563;3;65,131;;;;;;;;;;;;;;;;;;;;;
229;287;5;15,124;;;;;;;;;;;;;;;;;;;;;
230;946;4;20,467;;;;;;;;;;;;;;;;;;;;;
231;788;4;26,854;;;;;;;;;;;;;;;;;;;;;
232;3.196;3;55,38;;;;;;;;;;;;;;;;;;;;;
233;383;4;20,808;;;;;;;;;;;;;;;;;;;;;
234;349;7;15,412;;;;;;;;;;;;;;;;;;;;;
235;148;2;13,994;;;;;;;;;;;;;;;;;;;;;
236;2.844;2;54,872;;;;;;;;;;;;;;;;;;;;;
237;706;6;27,826;;;;;;;;;;;;;;;;;;;;;
238;2.673;4;54,205;;;;;;;;;;;;;;;;;;;;;
239;2.170;3;55,058;;;;;;;;;;;;;;;;;;;;;
240;3.458;2;55,509;;;;;;;;;;;;;;;;;;;;;
241;732;4;26,584;;;;;;;;;;;;;;;;;;;;;
242;1.267;4;39,962;;;;;;;;;;;;;;;;;;;;;
243;392;1;15,375;;;;;;;;;;;;;;;;;;;;;
244;2.502;6;48,977;;;;;;;;;;;;;;;;;;;;;
245;1.794;4;45,143;;;;;;;;;;;;;;;;;;;;;
246;2.980;4;45,823;;;;;;;;;;;;;;;;;;;;;
247;1.345;2;37,375;;;;;;;;;;;;;;;;;;;;;
248;1.571;4;33,153;;;;;;;;;;;;;;;;;;;;;
249;2.718;2;47,488;;;;;;;;;;;;;;;;;;;;;
250;1.339;5;29,753;;;;;;;;;;;;;;;;;;;;;
251;1.912;4;33,069;;;;;;;;;;;;;;;;;;;;;
252;194;3;12,444;;;;;;;;;;;;;;;;;;;;;
253;719;1;18,058;;;;;;;;;;;;;;;;;;;;;
254;2.862;4;55,351;;;;;;;;;;;;;;;;;;;;;
255;1.327;6;37,15;;;;;;;;;;;;;;;;;;;;;
256;3.983;3;66,947;;;;;;;;;;;;;;;;;;;;;
257;1.240;4;32,98;;;;;;;;;;;;;;;;;;;;;
258;488;3;23,39;;;;;;;;;;;;;;;;;;;;;
259;1.216;3;32,981;;;;;;;;;;;;;;;;;;;;;
260;1.149;5;25,143;;;;;;;;;;;;;;;;;;;;;
261;585;1;21,741;;;;;;;;;;;;;;;;;;;;;
262;1.144;4;28,622;;;;;;;;;;;;;;;;;;;;;
263;1.459;4;28,172;;;;;;;;;;;;;;;;;;;;;
264;2.828;2;55,994;;;;;;;;;;;;;;;;;;;;;
265;1.201;3;33,73;;;;;;;;;;;;;;;;;;;;;
266;2.464;3;49,893;;;;;;;;;;;;;;;;;;;;;
267;1.229;3;28,343;;;;;;;;;;;;;;;;;;;;;
268;3.599;4;48,651;;;;;;;;;;;;;;;;;;;;;
269;1.062;4;31,102;;;;;;;;;;;;;;;;;;;;;
270;1.743;2;46,166;;;;;;;;;;;;;;;;;;;;;
271;1.568;3;42,47;;;;;;;;;;;;;;;;;;;;;
272;1.531;3;33,919;;;;;;;;;;;;;;;;;;;;;
273;1.262;3;37,227;;;;;;;;;;;;;;;;;;;;;
274;2.288;4;44,461;;;;;;;;;;;;;;;;;;;;;
275;1.880;3;36,431;;;;;;;;;;;;;;;;;;;;;
276;3.430;4;58,821;;;;;;;;;;;;;;;;;;;;;
277;3.844;4;57,53;;;;;;;;;;;;;;;;;;;;;
278;2.434;2;53,484;;;;;;;;;;;;;;;;;;;;;
279;2.092;4;45,449;;;;;;;;;;;;;;;;;;;;;
280;2.024;4;43,686;;;;;;;;;;;;;;;;;;;;;
281;3.569;3;64,013;;;;;;;;;;;;;;;;;;;;;
282;1.858;4;37,807;;;;;;;;;;;;;;;;;;;;;
283;849;5;26,928;;;;;;;;;;;;;;;;;;;;;
284;3.194;2;59,186;;;;;;;;;;;;;;;;;;;;;
285;3.025;4;45,484;;;;;;;;;;;;;;;;;;;;;
286;1.601;2;43,279;;;;;;;;;;;;;;;;;;;;;
287;2.501;2;49,155;;;;;;;;;;;;;;;;;;;;;
288;3.394;3;65,042;;;;;;;;;;;;;;;;;;;;;
289;2.228;3;52,433;;;;;;;;;;;;;;;;;;;;;
290;3.566;4;61,34;;;;;;;;;;;;;;;;;;;;;
291;148;4;13,949;;;;;;;;;;;;;;;;;;;;;
292;1.792;4;34,42;;;;;;;;;;;;;;;;;;;;;
293;353;5;20,111;;;;;;;;;;;;;;;;;;;;;
294;1.319;4;37,984;;;;;;;;;;;;;;;;;;;;;
295;1.919;3;34,48;;;;;;;;;;;;;;;;;;;;;
296;3.427;5;59,815;;;;;;;;;;;;;;;;;;;;;
297;117;5;10,458;;;;;;;;;;;;;;;;;;;;;
298;2.280;4;41,072;;;;;;;;;;;;;;;;;;;;;
299;3.063;3;54,587;;;;;;;;;;;;;;;;;;;;;
300;133;16;11,455;;;;;;;;;;;;;;;;;;;;;
301;1.045;4;34,521;;;;;;;;;;;;;;;;;;;;;
302;204;4;12,718;;;;;;;;;;;;;;;;;;;;;
303;2.213;5;36,717;;;;;;;;;;;;;;;;;;;;;
304;3.861;3;59,618;;;;;;;;;;;;;;;;;;;;;
305;462;4;16,806;;;;;;;;;;;;;;;;;;;;;
306;1.912;7;39;;;;;;;;;;;;;;;;;;;;;
307;3.444;2;52,59;;;;;;;;;;;;;;;;;;;;;
308;1.551;3;39,967;;;;;;;;;;;;;;;;;;;;;
309;1.179;3;31,056;;;;;;;;;;;;;;;;;;;;;
310;483;10;22,744;;;;;;;;;;;;;;;;;;;;;
311;2.834;3;43,538;;;;;;;;;;;;;;;;;;;;;
312;974;5;21,451;;;;;;;;;;;;;;;;;;;;;
313;2.615;3;58,611;;;;;;;;;;;;;;;;;;;;;
314;1.406;4;35,615;;;;;;;;;;;;;;;;;;;;;
315;3.424;2;51,294;;;;;;;;;;;;;;;;;;;;;
316;3.348;3;63,656;;;;;;;;;;;;;;;;;;;;;
317;1.654;4;40,569;;;;;;;;;;;;;;;;;;;;;
318;2.628;4;47,738;;;;;;;;;;;;;;;;;;;;;
319;1.399;4;28,129;;;;;;;;;;;;;;;;;;;;;
320;1.369;4;35,839;;;;;;;;;;;;;;;;;;;;;
321;1.208;4;35,373;;;;;;;;;;;;;;;;;;;;;
322;117;7;9,026;;;;;;;;;;;;;;;;;;;;;
323;632;5;18,397;;;;;;;;;;;;;;;;;;;;;
324;4.866;2;67,973;;;;;;;;;;;;;;;;;;;;;
325;1.161;3;33,779;;;;;;;;;;;;;;;;;;;;;
326;1.189;6;32,542;;;;;;;;;;;;;;;;;;;;;
327;1.065;5;22,756;;;;;;;;;;;;;;;;;;;;;
328;3.535;2;54,974;;;;;;;;;;;;;;;;;;;;;
329;294;9;19,029;;;;;;;;;;;;;;;;;;;;;
330;1.245;4;29,3;;;;;;;;;;;;;;;;;;;;;
331;1.662;4;46,43;;;;;;;;;;;;;;;;;;;;;
332;751;6;25,876;;;;;;;;;;;;;;;;;;;;;
333;1.261;4;35,248;;;;;;;;;;;;;;;;;;;;;
334;1.402;5;31,9;;;;;;;;;;;;;;;;;;;;;
335;1.486;4;30,142;;;;;;;;;;;;;;;;;;;;;
336;1.341;4;31,265;;;;;;;;;;;;;;;;;;;;;
337;2.382;3;44,477;;;;;;;;;;;;;;;;;;;;;
338;1.792;4;39,68;;;;;;;;;;;;;;;;;;;;;
339;3.772;3;60,901;;;;;;;;;;;;;;;;;;;;;
340;1.875;5;26,854;;;;;;;;;;;;;;;;;;;;;
341;1.865;5;39,873;;;;;;;;;;;;;;;;;;;;;
342;129;10;9,172;;;;;;;;;;;;;;;;;;;;;
343;1.274;5;27,219;;;;;;;;;;;;;;;;;;;;;
344;1.482;4;43,659;;;;;;;;;;;;;;;;;;;;;
345;1.992;5;39,894;;;;;;;;;;;;;;;;;;;;;
346;4.134;3;58,03;;;;;;;;;;;;;;;;;;;;;
347;1.843;4;31,267;;;;;;;;;;;;;;;;;;;;;
348;1.781;4;37,491;;;;;;;;;;;;;;;;;;;;;
349;1.463;3;38,974;;;;;;;;;;;;;;;;;;;;;
350;687;6;19,809;;;;;;;;;;;;;;;;;;;;;
351;401;4;19,893;;;;;;;;;;;;;;;;;;;;;
352;3.673;4;50,91;;;;;;;;;;;;;;;;;;;;;
353;2.500;4;41,331;;;;;;;;;;;;;;;;;;;;;
354;2.749;3;54,494;;;;;;;;;;;;;;;;;;;;;
355;114;10;11,533;;;;;;;;;;;;;;;;;;;;;
356;1.036;4;30,534;;;;;;;;;;;;;;;;;;;;;
357;2.325;3;37,192;;;;;;;;;;;;;;;;;;;;;
358;111;46;11,745;;;;;;;;;;;;;;;;;;;;;
359;2.667;3;38,657;;;;;;;;;;;;;;;;;;;;;
360;1.159;5;28,638;;;;;;;;;;;;;;;;;;;;;
361;2.367;4;51,385;;;;;;;;;;;;;;;;;;;;;
362;3.709;4;45,764;;;;;;;;;;;;;;;;;;;;;
363;1.606;3;32,712;;;;;;;;;;;;;;;;;;;;;
364;3.721;3;58,494;;;;;;;;;;;;;;;;;;;;;
365;271;5;14,206;;;;;;;;;;;;;;;;;;;;;
366;497;6;21,554;;;;;;;;;;;;;;;;;;;;;
367;5.059;3;78,729;;;;;;;;;;;;;;;;;;;;;
368;1.096;5;33,563;;;;;;;;;;;;;;;;;;;;;
369;2.660;4;48,611;;;;;;;;;;;;;;;;;;;;;
370;120;7;10,136;;;;;;;;;;;;;;;;;;;;;
371;1.345;5;33,137;;;;;;;;;;;;;;;;;;;;;
372;3.995;3;52,432;;;;;;;;;;;;;;;;;;;;;
373;1.481;4;35,793;;;;;;;;;;;;;;;;;;;;;
374;3.533;3;52,481;;;;;;;;;;;;;;;;;;;;;
375;292;5;14,604;;;;;;;;;;;;;;;;;;;;;
376;457;3;16,529;;;;;;;;;;;;;;;;;;;;;
377;1.174;5;27,501;;;;;;;;;;;;;;;;;;;;;
378;354;3;16,49;;;;;;;;;;;;;;;;;;;;;
379;1.573;2;36,74;;;;;;;;;;;;;;;;;;;;;
380;2.106;4;44,865;;;;;;;;;;;;;;;;;;;;;
381;1.600;3;36,969;;;;;;;;;;;;;;;;;;;;;
382;2.705;4;47,994;;;;;;;;;;;;;;;;;;;;;
383;3.321;3;53,178;;;;;;;;;;;;;;;;;;;;;
384;953;4;27,265;;;;;;;;;;;;;;;;;;;;;
385;3.883;4;45,102;;;;;;;;;;;;;;;;;;;;;
386;983;4;27,159;;;;;;;;;;;;;;;;;;;;;
387;280;7;13,073;;;;;;;;;;;;;;;;;;;;;
388;1.310;4;28,111;;;;;;;;;;;;;;;;;;;;;
389;3.753;3;54,132;;;;;;;;;;;;;;;;;;;;;
390;1.354;4;34,15;;;;;;;;;;;;;;;;;;;;;
391;2.106;4;33,48;;;;;;;;;;;;;;;;;;;;;
392;313;5;17,523;;;;;;;;;;;;;;;;;;;;;
393;2.560;5;45,924;;;;;;;;;;;;;;;;;;;;;
394;1.070;5;27,424;;;;;;;;;;;;;;;;;;;;;
395;2.886;3;55,959;;;;;;;;;;;;;;;;;;;;;
396;576;2;16,718;;;;;;;;;;;;;;;;;;;;;
397;235;5;9,968;;;;;;;;;;;;;;;;;;;;;
398;2.371;2;47,288;;;;;;;;;;;;;;;;;;;;;
399;897;3;27,373;;;;;;;;;;;;;;;;;;;;;
400;2.746;4;45,121;;;;;;;;;;;;;;;;;;;;;
401;4.171;3;65,519;;;;;;;;;;;;;;;;;;;;;
402;1.345;3;35,082;;;;;;;;;;;;;;;;;;;;;
403;130;7;10,491;;;;;;;;;;;;;;;;;;;;;
404;1.359;4;29,201;;;;;;;;;;;;;;;;;;;;;
405;265;4;15,179;;;;;;;;;;;;;;;;;;;;;
406;948;4;28,789;;;;;;;;;;;;;;;;;;;;;
407;2.455;3;39,383;;;;;;;;;;;;;;;;;;;;;
408;2.973;3;46,832;;;;;;;;;;;;;;;;;;;;;
409;1.091;7;33,853;;;;;;;;;;;;;;;;;;;;;
410;3.514;4;59,513;;;;;;;;;;;;;;;;;;;;;
411;2.337;3;49,053;;;;;;;;;;;;;;;;;;;;;
412;2.339;4;41,967;;;;;;;;;;;;;;;;;;;;;
413;883;5;22,337;;;;;;;;;;;;;;;;;;;;;
414;7.606;4;98,773;;;;;;;;;;;;;;;;;;;;;
415;2.442;3;47,725;;;;;;;;;;;;;;;;;;;;;
416;1.134;4;29,468;;;;;;;;;;;;;;;;;;;;;
417;2.637;3;47,758;;;;;;;;;;;;;;;;;;;;;
418;2.049;3;44,945;;;;;;;;;;;;;;;;;;;;;
419;2.842;3;51,709;;;;;;;;;;;;;;;;;;;;;
420;1.124;4;31,315;;;;;;;;;;;;;;;;;;;;;
421;1.380;5;32,693;;;;;;;;;;;;;;;;;;;;;
422;964;5;30,173;;;;;;;;;;;;;;;;;;;;;
423;1.423;4;30,305;;;;;;;;;;;;;;;;;;;;;
424;1.512;5;31,434;;;;;;;;;;;;;;;;;;;;;
425;1.469;5;25,216;;;;;;;;;;;;;;;;;;;;;
426;2.607;3;44,343;;;;;;;;;;;;;;;;;;;;;
427;149;6;12,265;;;;;;;;;;;;;;;;;;;;;
428;1.823;3;35,706;;;;;;;;;;;;;;;;;;;;;
429;3.997;4;62,792;;;;;;;;;;;;;;;;;;;;;
430;979;4;20,86;;;;;;;;;;;;;;;;;;;;;
431;4.403;3;61,721;;;;;;;;;;;;;;;;;;;;;
432;1.350;6;35,622;;;;;;;;;;;;;;;;;;;;;
433;4.544;3;58,261;;;;;;;;;;;;;;;;;;;;;
434;788;4;19,573;;;;;;;;;;;;;;;;;;;;;
435;2.163;4;39,86;;;;;;;;;;;;;;;;;;;;;
436;2.348;4;31,023;;;;;;;;;;;;;;;;;;;;;
437;2.186;4;43,786;;;;;;;;;;;;;;;;;;;;;
438;1.174;7;35,692;;;;;;;;;;;;;;;;;;;;;
439;164;9;14,233;;;;;;;;;;;;;;;;;;;;;
440;1.995;5;39,473;;;;;;;;;;;;;;;;;;;;;
441;150;4;9,29;;;;;;;;;;;;;;;;;;;;;
442;4.643;2;54,853;;;;;;;;;;;;;;;;;;;;;
443;5.012;3;52,6;;;;;;;;;;;;;;;;;;;;;
444;3.618;3;69,567;;;;;;;;;;;;;;;;;;;;;
445;1.087;4;34,871;;;;;;;;;;;;;;;;;;;;;
446;4.084;4;64,246;;;;;;;;;;;;;;;;;;;;;
447;3.190;3;50,008;;;;;;;;;;;;;;;;;;;;;
448;1.212;5;26,966;;;;;;;;;;;;;;;;;;;;;
449;1.415;6;41,95;;;;;;;;;;;;;;;;;;;;;
450;4.497;3;61,663;;;;;;;;;;;;;;;;;;;;;
451;1.990;4;39,001;;;;;;;;;;;;;;;;;;;;;
452;974;4;30,846;;;;;;;;;;;;;;;;;;;;;
453;982;4;28,57;;;;;;;;;;;;;;;;;;;;;
454;2.463;2;56,648;;;;;;;;;;;;;;;;;;;;;
455;1.094;5;28,354;;;;;;;;;;;;;;;;;;;;;
456;400;4;18,46;;;;;;;;;;;;;;;;;;;;;
457;505;2;20,186;;;;;;;;;;;;;;;;;;;;;
458;3.181;4;64,457;;;;;;;;;;;;;;;;;;;;;
459;2.246;5;41,129;;;;;;;;;;;;;;;;;;;;;
460;4.528;4;49,166;;;;;;;;;;;;;;;;;;;;;
461;2.354;3;34,684;;;;;;;;;;;;;;;;;;;;;
462;503;4;23,98;;;;;;;;;;;;;;;;;;;;;
463;577;7;20,454;;;;;;;;;;;;;;;;;;;;;
464;1.469;4;26,465;;;;;;;;;;;;;;;;;;;;;
465;3.003;3;45,953;;;;;;;;;;;;;;;;;;;;;
466;2.139;3;37,224;;;;;;;;;;;;;;;;;;;;;
467;799;4;27,081;;;;;;;;;;;;;;;;;;;;;
468;1.033;4;28,173;;;;;;;;;;;;;;;;;;;;;
469;356;4;18,898;;;;;;;;;;;;;;;;;;;;;
470;750;4;24,828;;;;;;;;;;;;;;;;;;;;;
471;2.621;2;50,605;;;;;;;;;;;;;;;;;;;;;
472;823;4;30,342;;;;;;;;;;;;;;;;;;;;;
473;1.033;3;30,202;;;;;;;;;;;;;;;;;;;;;
474;1.558;4;39,428;;;;;;;;;;;;;;;;;;;;;
475;801;5;25,189;;;;;;;;;;;;;;;;;;;;;
476;2.174;4;40,006;;;;;;;;;;;;;;;;;;;;;
477;4.897;9;48,867;;;;;;;;;;;;;;;;;;;;;
478;383;4;19,047;;;;;;;;;;;;;;;;;;;;;
479;1.339;5;38,057;;;;;;;;;;;;;;;;;;;;;
480;893;4;30,723;;;;;;;;;;;;;;;;;;;;;
481;561;4;19,966;;;;;;;;;;;;;;;;;;;;;
482;2.235;3;48,562;;;;;;;;;;;;;;;;;;;;;
483;839;3;28,838;;;;;;;;;;;;;;;;;;;;;
484;251;36;10,362;;;;;;;;;;;;;;;;;;;;;
485;1.707;6;47,742;;;;;;;;;;;;;;;;;;;;;
486;951;3;19,587;;;;;;;;;;;;;;;;;;;;;
487;5.465;3;64,425;;;;;;;;;;;;;;;;;;;;;
488;3.391;1;46,844;;;;;;;;;;;;;;;;;;;;;
489;2.658;3;53,258;;;;;;;;;;;;;;;;;;;;;
490;2.864;6;50,049;;;;;;;;;;;;;;;;;;;;;
491;1.168;4;25,847;;;;;;;;;;;;;;;;;;;;;
492;2.651;4;40,281;;;;;;;;;;;;;;;;;;;;;
493;311;4;15,996;;;;;;;;;;;;;;;;;;;;;
494;1.457;4;26,596;;;;;;;;;;;;;;;;;;;;;
495;1.659;4;44,615;;;;;;;;;;;;;;;;;;;;;
496;2.436;5;42,09;;;;;;;;;;;;;;;;;;;;;
497;4.302;2;57,558;;;;;;;;;;;;;;;;;;;;;
498;883;5;32,827;;;;;;;;;;;;;;;;;;;;;
499;887;4;25,067;;;;;;;;;;;;;;;;;;;;;
500;1.737;5;43,465;;;;;;;;;;;;;;;;;;;;;
501;432;5;20,307;;;;;;;;;;;;;;;;;;;;;
502;1.649;3;33,569;;;;;;;;;;;;;;;;;;;;;
503;4.442;3;70,944;;;;;;;;;;;;;;;;;;;;;
504;3.215;3;36,739;;;;;;;;;;;;;;;;;;;;;
505;1.069;3;25,822;;;;;;;;;;;;;;;;;;;;;
506;629;4;27,559;;;;;;;;;;;;;;;;;;;;;
507;1.904;3;44,763;;;;;;;;;;;;;;;;;;;;;
508;1.854;4;41,261;;;;;;;;;;;;;;;;;;;;;
509;562;5;28,496;;;;;;;;;;;;;;;;;;;;;
510;5.467;3;55,291;;;;;;;;;;;;;;;;;;;;;
511;4.471;3;68,042;;;;;;;;;;;;;;;;;;;;;
512;762;4;23,519;;;;;;;;;;;;;;;;;;;;;
513;4.544;3;54,612;;;;;;;;;;;;;;;;;;;;;
514;1.852;3;32,753;;;;;;;;;;;;;;;;;;;;;
515;1.068;5;27,751;;;;;;;;;;;;;;;;;;;;;
516;1.164;4;36,18;;;;;;;;;;;;;;;;;;;;;
517;878;1;26,788;;;;;;;;;;;;;;;;;;;;;
518;710;3;27,028;;;;;;;;;;;;;;;;;;;;;
519;838;4;24,834;;;;;;;;;;;;;;;;;;;;;
520;117;3;12,352;;;;;;;;;;;;;;;;;;;;;
521;1.812;5;42,683;;;;;;;;;;;;;;;;;;;;;
522;3.819;5;61,157;;;;;;;;;;;;;;;;;;;;;
523;1.141;4;22,739;;;;;;;;;;;;;;;;;;;;;
524;2.530;5;53,222;;;;;;;;;;;;;;;;;;;;;
525;1.286;3;35,887;;;;;;;;;;;;;;;;;;;;;
526;140;5;10,251;;;;;;;;;;;;;;;;;;;;;
527;2.105;4;39,693;;;;;;;;;;;;;;;;;;;;;
528;1.150;4;33,31;;;;;;;;;;;;;;;;;;;;;
529;3.681;2;50,898;;;;;;;;;;;;;;;;;;;;;
530;1.420;3;37,095;;;;;;;;;;;;;;;;;;;;;
531;3.512;3;54,051;;;;;;;;;;;;;;;;;;;;;
532;1.704;3;42,693;;;;;;;;;;;;;;;;;;;;;
533;332;5;19,46;;;;;;;;;;;;;;;;;;;;;
534;935;5;23,002;;;;;;;;;;;;;;;;;;;;;
535;2.135;3;42,918;;;;;;;;;;;;;;;;;;;;;
536;372;3;16,95;;;;;;;;;;;;;;;;;;;;;
537;753;4;28,594;;;;;;;;;;;;;;;;;;;;;
538;2.304;3;43,489;;;;;;;;;;;;;;;;;;;;;
539;319;3;21,201;;;;;;;;;;;;;;;;;;;;;
540;4.163;2;57,009;;;;;;;;;;;;;;;;;;;;;
541;2.063;4;36,18;;;;;;;;;;;;;;;;;;;;;
542;1.045;4;27,651;;;;;;;;;;;;;;;;;;;;;
543;2.851;4;51,399;;;;;;;;;;;;;;;;;;;;;
544;890;4;23,452;;;;;;;;;;;;;;;;;;;;;
545;756;3;29,003;;;;;;;;;;;;;;;;;;;;;
546;1.635;6;33,129;;;;;;;;;;;;;;;;;;;;;
547;254;6;16,723;;;;;;;;;;;;;;;;;;;;;
548;4.422;2;65,628;;;;;;;;;;;;;;;;;;;;;
549;211;4;9,226;;;;;;;;;;;;;;;;;;;;;
550;1.300;1;24,12;;;;;;;;;;;;;;;;;;;;;
551;1.205;5;30,074;;;;;;;;;;;;;;;;;;;;;
552;4.258;4;66,142;;;;;;;;;;;;;;;;;;;;;
553;3.369;2;49,221;;;;;;;;;;;;;;;;;;;;;
554;1.979;1;39,57;;;;;;;;;;;;;;;;;;;;;
555;1.042;6;27,588;;;;;;;;;;;;;;;;;;;;;
556;122;9;10,761;;;;;;;;;;;;;;;;;;;;;
557;3.830;2;52,013;;;;;;;;;;;;;;;;;;;;;
558;519;6;29,864;;;;;;;;;;;;;;;;;;;;;
559;2.520;6;52,837;;;;;;;;;;;;;;;;;;;;;
560;948;3;31,316;;;;;;;;;;;;;;;;;;;;;
561;4.039;4;47,996;;;;;;;;;;;;;;;;;;;;;
562;1.323;3;26,832;;;;;;;;;;;;;;;;;;;;;
563;2.373;4;38,306;;;;;;;;;;;;;;;;;;;;;
564;780;5;29,961;;;;;;;;;;;;;;;;;;;;;
565;1.654;4;27,96;;;;;;;;;;;;;;;;;;;;;
566;2.434;3;44,513;;;;;;;;;;;;;;;;;;;;;
567;2.315;5;51,855;;;;;;;;;;;;;;;;;;;;;
568;2.087;3;45,086;;;;;;;;;;;;;;;;;;;;;
569;370;1;18,026;;;;;;;;;;;;;;;;;;;;;
570;4.523;4;65,035;;;;;;;;;;;;;;;;;;;;;
571;790;4;26,54;;;;;;;;;;;;;;;;;;;;;
572;3.346;4;57,55;;;;;;;;;;;;;;;;;;;;;
573;2.368;4;34,699;;;;;;;;;;;;;;;;;;;;;
574;519;5;22,352;;;;;;;;;;;;;;;;;;;;;
575;1.290;4;32,298;;;;;;;;;;;;;;;;;;;;;
576;1.552;2;33,777;;;;;;;;;;;;;;;;;;;;;
577;643;5;16,003;;;;;;;;;;;;;;;;;;;;;
578;2.081;4;39,252;;;;;;;;;;;;;;;;;;;;;
579;2.102;2;49,288;;;;;;;;;;;;;;;;;;;;;
580;4.347;3;70,13;;;;;;;;;;;;;;;;;;;;;
581;774;5;23,595;;;;;;;;;;;;;;;;;;;;;
582;3.379;4;58,17;;;;;;;;;;;;;;;;;;;;;
583;995;2;20,346;;;;;;;;;;;;;;;;;;;;;
584;1.585;4;28,453;;;;;;;;;;;;;;;;;;;;;
585;1.029;5;33,123;;;;;;;;;;;;;;;;;;;;;
586;3.395;4;52,8;;;;;;;;;;;;;;;;;;;;;
587;465;5;20,464;;;;;;;;;;;;;;;;;;;;;
588;570;3;22,33;;;;;;;;;;;;;;;;;;;;;
589;293;5;20,072;;;;;;;;;;;;;;;;;;;;;
590;946;7;23,17;;;;;;;;;;;;;;;;;;;;;
591;2.537;6;35,803;;;;;;;;;;;;;;;;;;;;;
592;2.590;5;51,848;;;;;;;;;;;;;;;;;;;;;
593;473;4;20,681;;;;;;;;;;;;;;;;;;;;;
594;132;5;8,85;;;;;;;;;;;;;;;;;;;;;
595;1.723;5;43,872;;;;;;;;;;;;;;;;;;;;;
596;1.896;3;41,644;;;;;;;;;;;;;;;;;;;;;
597;1.773;3;33,165;;;;;;;;;;;;;;;;;;;;;
598;1.313;5;35,13;;;;;;;;;;;;;;;;;;;;;
599;1.088;5;29,273;;;;;;;;;;;;;;;;;;;;;
600;891;6;26,993;;;;;;;;;;;;;;;;;;;;;
601;1.409;4;38,01;;;;;;;;;;;;;;;;;;;;;
602;902;10;26,761;;;;;;;;;;;;;;;;;;;;;
603;552;3;18,275;;;;;;;;;;;;;;;;;;;;;
604;864;4;23,786;;;;;;;;;;;;;;;;;;;;;
605;313;4;19,07;;;;;;;;;;;;;;;;;;;;;
606;707;3;27,585;;;;;;;;;;;;;;;;;;;;;
607;1.536;4;31,072;;;;;;;;;;;;;;;;;;;;;
608;2.014;17;36,178;;;;;;;;;;;;;;;;;;;;;
609;3.839;2;59,778;;;;;;;;;;;;;;;;;;;;;
610;1.670;3;31,007;;;;;;;;;;;;;;;;;;;;;
611;5.217;2;77,204;;;;;;;;;;;;;;;;;;;;;
612;467;4;18,439;;;;;;;;;;;;;;;;;;;;;
613;1.927;4;39,038;;;;;;;;;;;;;;;;;;;;;
614;3.847;3;55,176;;;;;;;;;;;;;;;;;;;;;
615;192;5;11,314;;;;;;;;;;;;;;;;;;;;;
616;1.299;2;43,133;;;;;;;;;;;;;;;;;;;;;
617;2.820;6;55,039;;;;;;;;;;;;;;;;;;;;;
618;276;8;18,25;;;;;;;;;;;;;;;;;;;;;
619;5.526;3;64,716;;;;;;;;;;;;;;;;;;;;;
620;110;2;7,572;;;;;;;;;;;;;;;;;;;;;
621;2.980;4;45,848;;;;;;;;;;;;;;;;;;;;;
622;1.238;3;35,356;;;;;;;;;;;;;;;;;;;;;
623;118;8;11,498;;;;;;;;;;;;;;;;;;;;;
624;5.725;2;73,517;;;;;;;;;;;;;;;;;;;;;
625;2.469;3;53,75;;;;;;;;;;;;;;;;;;;;;
626;580;5;24,608;;;;;;;;;;;;;;;;;;;;;
627;180;4;8,813;;;;;;;;;;;;;;;;;;;;;
628;1.049;4;31,59;;;;;;;;;;;;;;;;;;;;;
629;1.873;3;46,725;;;;;;;;;;;;;;;;;;;;;
630;161;2;8,617;;;;;;;;;;;;;;;;;;;;;
631;2.556;3;49,504;;;;;;;;;;;;;;;;;;;;;
632;1.895;4;35,2;;;;;;;;;;;;;;;;;;;;;
633;143;14;14,222;;;;;;;;;;;;;;;;;;;;;
634;794;4;25,76;;;;;;;;;;;;;;;;;;;;;
635;1.794;5;40,342;;;;;;;;;;;;;;;;;;;;;
636;504;6;17,903;;;;;;;;;;;;;;;;;;;;;
637;2.768;3;49,315;;;;;;;;;;;;;;;;;;;;;
638;3.280;5;52,919;;;;;;;;;;;;;;;;;;;;;
639;373;6;19,137;;;;;;;;;;;;;;;;;;;;;
640;1.056;3;32,702;;;;;;;;;;;;;;;;;;;;;
641;2.801;4;52,4;;;;;;;;;;;;;;;;;;;;;
642;2.976;5;46,373;;;;;;;;;;;;;;;;;;;;;
643;1.848;1;33,916;;;;;;;;;;;;;;;;;;;;;
644;171;4;12,665;;;;;;;;;;;;;;;;;;;;;
645;164;30;12,581;;;;;;;;;;;;;;;;;;;;;
646;1.120;4;25,403;;;;;;;;;;;;;;;;;;;;;
647;3.594;4;56,351;;;;;;;;;;;;;;;;;;;;;
648;638;4;24,658;;;;;;;;;;;;;;;;;;;;;
649;674;3;27,411;;;;;;;;;;;;;;;;;;;;;
650;1.165;2;33,247;;;;;;;;;;;;;;;;;;;;;
651;3.798;2;44,601;;;;;;;;;;;;;;;;;;;;;
652;1.699;5;31,262;;;;;;;;;;;;;;;;;;;;;
653;1.297;5;32,806;;;;;;;;;;;;;;;;;;;;;
654;273;2;14,861;;;;;;;;;;;;;;;;;;;;;
655;1.408;3;33,589;;;;;;;;;;;;;;;;;;;;;
656;3.188;4;53,295;;;;;;;;;;;;;;;;;;;;;
657;885;2;28,446;;;;;;;;;;;;;;;;;;;;;
658;2.417;5;42,141;;;;;;;;;;;;;;;;;;;;;
659;972;3;24,755;;;;;;;;;;;;;;;;;;;;;
660;1.665;4;40,71;;;;;;;;;;;;;;;;;;;;;
661;135;3;7,267;;;;;;;;;;;;;;;;;;;;;
662;643;4;28,428;;;;;;;;;;;;;;;;;;;;;
663;1.696;5;43,253;;;;;;;;;;;;;;;;;;;;;
664;293;1;13,737;;;;;;;;;;;;;;;;;;;;;
665;1.823;3;40,813;;;;;;;;;;;;;;;;;;;;;
666;1.011;6;26,969;;;;;;;;;;;;;;;;;;;;;
667;6.193;1;66,954;;;;;;;;;;;;;;;;;;;;;
668;491;5;20,69;;;;;;;;;;;;;;;;;;;;;
669;2.372;4;39,398;;;;;;;;;;;;;;;;;;;;;
670;2.285;4;35,136;;;;;;;;;;;;;;;;;;;;;
671;1.362;4;33,094;;;;;;;;;;;;;;;;;;;;;
672;1.715;3;38,214;;;;;;;;;;;;;;;;;;;;;
673;665;2;18,812;;;;;;;;;;;;;;;;;;;;;
674;819;5;29,483;;;;;;;;;;;;;;;;;;;;;
675;1.633;4;39,86;;;;;;;;;;;;;;;;;;;;;
676;2.134;3;34,712;;;;;;;;;;;;;;;;;;;;;
677;505;6;18,493;;;;;;;;;;;;;;;;;;;;;
678;1.896;4;38,509;;;;;;;;;;;;;;;;;;;;;
679;107;33;13,528;;;;;;;;;;;;;;;;;;;;;
680;228;1;13,333;;;;;;;;;;;;;;;;;;;;;
681;1.783;3;33,149;;;;;;;;;;;;;;;;;;;;;
682;1.531;5;34,398;;;;;;;;;;;;;;;;;;;;;
683;1.384;4;28,74;;;;;;;;;;;;;;;;;;;;;
684;2.040;2;46,591;;;;;;;;;;;;;;;;;;;;;
685;3.359;3;61,929;;;;;;;;;;;;;;;;;;;;;
686;135;3;10,966;;;;;;;;;;;;;;;;;;;;;
687;1.743;4;41,527;;;;;;;;;;;;;;;;;;;;;
688;1.028;4;32,851;;;;;;;;;;;;;;;;;;;;;
689;1.880;4;34,727;;;;;;;;;;;;;;;;;;;;;
690;1.203;3;25,303;;;;;;;;;;;;;;;;;;;;;
691;4.048;2;66,847;;;;;;;;;;;;;;;;;;;;;
692;2.288;5;42,741;;;;;;;;;;;;;;;;;;;;;
693;1.907;3;26,727;;;;;;;;;;;;;;;;;;;;;
694;1.992;5;39,453;;;;;;;;;;;;;;;;;;;;;
695;1.514;5;40,766;;;;;;;;;;;;;;;;;;;;;
696;454;5;17,893;;;;;;;;;;;;;;;;;;;;;
697;2.180;3;37,476;;;;;;;;;;;;;;;;;;;;;
698;1.544;5;35,702;;;;;;;;;;;;;;;;;;;;;
699;1.845;5;38,186;;;;;;;;;;;;;;;;;;;;;
700;1.281;4;34,056;;;;;;;;;;;;;;;;;;;;;
701;292;10;13,422;;;;;;;;;;;;;;;;;;;;;
702;2.838;3;47,724;;;;;;;;;;;;;;;;;;;;;
703;1.964;5;48,732;;;;;;;;;;;;;;;;;;;;;
704;170;2;9,945;;;;;;;;;;;;;;;;;;;;;
705;644;4;28,355;;;;;;;;;;;;;;;;;;;;;
706;1.603;3;32,464;;;;;;;;;;;;;;;;;;;;;
707;1.537;9;37,013;;;;;;;;;;;;;;;;;;;;;
708;3.121;5;52,414;;;;;;;;;;;;;;;;;;;;;
709;1.784;3;50,697;;;;;;;;;;;;;;;;;;;;;
710;838;5;26,054;;;;;;;;;;;;;;;;;;;;;
711;642;5;25,861;;;;;;;;;;;;;;;;;;;;;
712;729;6;27,536;;;;;;;;;;;;;;;;;;;;;
713;1.791;2;34,557;;;;;;;;;;;;;;;;;;;;;
714;10.740;1;93,201;;;;;;;;;;;;;;;;;;;;;
715;1.522;6;36,47;;;;;;;;;;;;;;;;;;;;;
716;3.395;4;62,291;;;;;;;;;;;;;;;;;;;;;
717;2.782;2;45,272;;;;;;;;;;;;;;;;;;;;;
718;1.521;2;34,69;;;;;;;;;;;;;;;;;;;;;
719;1.161;4;35,444;;;;;;;;;;;;;;;;;;;;;
720;4.901;4;65,207;;;;;;;;;;;;;;;;;;;;;
721;2.703;8;38,582;;;;;;;;;;;;;;;;;;;;;
722;723;4;21,5;;;;;;;;;;;;;;;;;;;;;
723;3.318;3;60,798;;;;;;;;;;;;;;;;;;;;;
724;1.402;4;27,136;;;;;;;;;;;;;;;;;;;;;
725;122;20;13,522;;;;;;;;;;;;;;;;;;;;;
726;1.811;5;47,394;;;;;;;;;;;;;;;;;;;;;
727;513;4;16,475;;;;;;;;;;;;;;;;;;;;;
728;3.627;2;69,05;;;;;;;;;;;;;;;;;;;;;
729;1.242;4;22,819;;;;;;;;;;;;;;;;;;;;;
730;715;5;18,872;;;;;;;;;;;;;;;;;;;;;
731;547;4;22,833;;;;;;;;;;;;;;;;;;;;;
732;2.013;4;41,879;;;;;;;;;;;;;;;;;;;;;
733;1.011;3;26,061;;;;;;;;;;;;;;;;;;;;;
734;2.534;5;47,602;;;;;;;;;;;;;;;;;;;;;
735;2.686;2;38,596;;;;;;;;;;;;;;;;;;;;;
736;594;4;20,493;;;;;;;;;;;;;;;;;;;;;
737;2.121;5;52,156;;;;;;;;;;;;;;;;;;;;;
738;3.475;6;51,474;;;;;;;;;;;;;;;;;;;;;
739;1.028;2;30,808;;;;;;;;;;;;;;;;;;;;;
740;1.399;4;34,803;;;;;;;;;;;;;;;;;;;;;
741;846;5;21,677;;;;;;;;;;;;;;;;;;;;;
742;2.249;3;45,523;;;;;;;;;;;;;;;;;;;;;
743;1.453;4;30,431;;;;;;;;;;;;;;;;;;;;;
744;688;5;25,393;;;;;;;;;;;;;;;;;;;;;
745;1.534;3;34,785;;;;;;;;;;;;;;;;;;;;;
746;1.607;4;39,501;;;;;;;;;;;;;;;;;;;;;
747;1.304;3;35,28;;;;;;;;;;;;;;;;;;;;;
748;2.252;4;44,537;;;;;;;;;;;;;;;;;;;;;
749;1.397;2;27,512;;;;;;;;;;;;;;;;;;;;;
750;761;4;31,097;;;;;;;;;;;;;;;;;;;;;
751;3.551;2;55,952;;;;;;;;;;;;;;;;;;;;;
752;139;5;12,419;;;;;;;;;;;;;;;;;;;;;
753;1.641;2;34,485;;;;;;;;;;;;;;;;;;;;;
754;672;16;30,513;;;;;;;;;;;;;;;;;;;;;
755;162;3;12,968;;;;;;;;;;;;;;;;;;;;;
756;2.749;50;50,105;;;;;;;;;;;;;;;;;;;;;
757;917;5;30,605;;;;;;;;;;;;;;;;;;;;;
758;3.058;3;52,715;;;;;;;;;;;;;;;;;;;;;
759;1.417;3;34,793;;;;;;;;;;;;;;;;;;;;;
760;1.935;2;35,968;;;;;;;;;;;;;;;;;;;;;
761;1.374;4;38,092;;;;;;;;;;;;;;;;;;;;;
762;3.385;4;63,262;;;;;;;;;;;;;;;;;;;;;
763;2.875;4;45,157;;;;;;;;;;;;;;;;;;;;;
764;410;1;17,533;;;;;;;;;;;;;;;;;;;;;
765;120;31;13,401;;;;;;;;;;;;;;;;;;;;;
766;4.159;4;59,259;;;;;;;;;;;;;;;;;;;;;
767;4.033;3;43,039;;;;;;;;;;;;;;;;;;;;;
768;169;7;10,879;;;;;;;;;;;;;;;;;;;;;
769;3.409;2;45,266;;;;;;;;;;;;;;;;;;;;;
770;369;4;19,466;;;;;;;;;;;;;;;;;;;;;
771;1.773;2;41,796;;;;;;;;;;;;;;;;;;;;;
772;2.006;3;45,401;;;;;;;;;;;;;;;;;;;;;
773;214;2;12,048;;;;;;;;;;;;;;;;;;;;;
774;2.835;7;52,758;;;;;;;;;;;;;;;;;;;;;
775;902;6;25,134;;;;;;;;;;;;;;;;;;;;;
776;819;4;26,124;;;;;;;;;;;;;;;;;;;;;
777;2.690;4;51,692;;;;;;;;;;;;;;;;;;;;;
778;267;6;15,279;;;;;;;;;;;;;;;;;;;;;
779;1.147;3;32,357;;;;;;;;;;;;;;;;;;;;;
780;3.452;4;58,025;;;;;;;;;;;;;;;;;;;;;
781;1.174;5;29,843;;;;;;;;;;;;;;;;;;;;;
782;1.360;2;35,07;;;;;;;;;;;;;;;;;;;;;
783;3.307;3;58,532;;;;;;;;;;;;;;;;;;;;;
784;2.461;4;40,577;;;;;;;;;;;;;;;;;;;;;
785;2.673;3;44,875;;;;;;;;;;;;;;;;;;;;;
786;3.217;1;44,914;;;;;;;;;;;;;;;;;;;;;
787;2.548;3;49,231;;;;;;;;;;;;;;;;;;;;;
788;2.420;4;48,93;;;;;;;;;;;;;;;;;;;;;
789;575;2;17,821;;;;;;;;;;;;;;;;;;;;;
790;3.402;2;49,68;;;;;;;;;;;;;;;;;;;;;
791;1.186;1;23,756;;;;;;;;;;;;;;;;;;;;;
792;2.793;3;46,341;;;;;;;;;;;;;;;;;;;;;
793;3.424;2;53,333;;;;;;;;;;;;;;;;;;;;;
794;1.201;5;28,038;;;;;;;;;;;;;;;;;;;;;
795;1.035;3;33,927;;;;;;;;;;;;;;;;;;;;;
796;1.871;5;31,498;;;;;;;;;;;;;;;;;;;;;
797;1.315;4;30,678;;;;;;;;;;;;;;;;;;;;;
798;1.360;2;29,294;;;;;;;;;;;;;;;;;;;;;
799;1.247;2;34,097;;;;;;;;;;;;;;;;;;;;;
800;2.255;2;43,208;;;;;;;;;;;;;;;;;;;;;
801;1.649;3;43,867;;;;;;;;;;;;;;;;;;;;;
802;2.160;6;40,323;;;;;;;;;;;;;;;;;;;;;
803;1.163;4;33,707;;;;;;;;;;;;;;;;;;;;;
804;1.149;2;35,037;;;;;;;;;;;;;;;;;;;;;
805;866;1;25,756;;;;;;;;;;;;;;;;;;;;;
806;3.994;2;60,186;;;;;;;;;;;;;;;;;;;;;
807;1.364;2;26,91;;;;;;;;;;;;;;;;;;;;;
808;1.679;3;40,438;;;;;;;;;;;;;;;;;;;;;
809;1.552;4;43,321;;;;;;;;;;;;;;;;;;;;;
810;540;4;18,397;;;;;;;;;;;;;;;;;;;;;
811;2.088;8;35,807;;;;;;;;;;;;;;;;;;;;;
812;3.973;3;72,774;;;;;;;;;;;;;;;;;;;;;
813;802;5;27,946;;;;;;;;;;;;;;;;;;;;;
814;1.854;5;36,784;;;;;;;;;;;;;;;;;;;;;
815;1.054;2;31,754;;;;;;;;;;;;;;;;;;;;;
816;993;4;33,601;;;;;;;;;;;;;;;;;;;;;
817;549;3;18,171;;;;;;;;;;;;;;;;;;;;;
818;468;3;18,661;;;;;;;;;;;;;;;;;;;;;
819;4.406;3;52,757;;;;;;;;;;;;;;;;;;;;;
820;242;19;21,412;;;;;;;;;;;;;;;;;;;;;
821;1.105;4;30,229;;;;;;;;;;;;;;;;;;;;;
822;1.572;4;44,854;;;;;;;;;;;;;;;;;;;;;
823;2.711;3;37,954;;;;;;;;;;;;;;;;;;;;;
824;1.811;3;44,126;;;;;;;;;;;;;;;;;;;;;
825;1.610;5;36,614;;;;;;;;;;;;;;;;;;;;;
826;4.898;4;64,377;;;;;;;;;;;;;;;;;;;;;
827;2.791;4;47,612;;;;;;;;;;;;;;;;;;;;;
828;3.966;4;48,19;;;;;;;;;;;;;;;;;;;;;
829;2.837;2;50,055;;;;;;;;;;;;;;;;;;;;;
830;834;4;29,742;;;;;;;;;;;;;;;;;;;;;
831;1.212;2;28,979;;;;;;;;;;;;;;;;;;;;;
832;422;4;19,081;;;;;;;;;;;;;;;;;;;;;
833;1.528;3;30,237;;;;;;;;;;;;;;;;;;;;;
834;1.393;3;40,595;;;;;;;;;;;;;;;;;;;;;
835;335;2;15,828;;;;;;;;;;;;;;;;;;;;;
836;491;4;16,466;;;;;;;;;;;;;;;;;;;;;
837;371;5;19,726;;;;;;;;;;;;;;;;;;;;;
838;1.334;8;33,825;;;;;;;;;;;;;;;;;;;;;
839;3.173;4;63,954;;;;;;;;;;;;;;;;;;;;;
840;1.769;4;39,337;;;;;;;;;;;;;;;;;;;;;
841;707;4;25,768;;;;;;;;;;;;;;;;;;;;;
842;2.590;4;56,653;;;;;;;;;;;;;;;;;;;;;
843;1.517;3;33,264;;;;;;;;;;;;;;;;;;;;;
844;2.155;2;41,081;;;;;;;;;;;;;;;;;;;;;
845;3.432;2;55,148;;;;;;;;;;;;;;;;;;;;;
846;184;1;10,256;;;;;;;;;;;;;;;;;;;;;
847;2.468;3;47,891;;;;;;;;;;;;;;;;;;;;;
848;990;3;34,051;;;;;;;;;;;;;;;;;;;;;
849;1.535;3;32,751;;;;;;;;;;;;;;;;;;;;;
850;2.024;4;45,24;;;;;;;;;;;;;;;;;;;;;
851;458;4;24,022;;;;;;;;;;;;;;;;;;;;;
852;1.203;4;29,875;;;;;;;;;;;;;;;;;;;;;
853;1.342;2;30,576;;;;;;;;;;;;;;;;;;;;;
854;1.893;3;43,674;;;;;;;;;;;;;;;;;;;;;
855;1.469;3;37,132;;;;;;;;;;;;;;;;;;;;;
856;1.859;4;35,074;;;;;;;;;;;;;;;;;;;;;
857;1.658;4;41,676;;;;;;;;;;;;;;;;;;;;;
858;649;4;22,974;;;;;;;;;;;;;;;;;;;;;
859;620;4;25,168;;;;;;;;;;;;;;;;;;;;;
860;1.364;4;37,104;;;;;;;;;;;;;;;;;;;;;
861;522;4;22,154;;;;;;;;;;;;;;;;;;;;;
862;4.242;2;60,695;;;;;;;;;;;;;;;;;;;;;
863;516;4;18,381;;;;;;;;;;;;;;;;;;;;;
864;857;6;27,864;;;;;;;;;;;;;;;;;;;;;
865;647;4;26,512;;;;;;;;;;;;;;;;;;;;;
866;563;9;19,898;;;;;;;;;;;;;;;;;;;;;
867;134;14;9,154;;;;;;;;;;;;;;;;;;;;;
868;2.858;2;43,901;;;;;;;;;;;;;;;;;;;;;
869;1.948;4;31,391;;;;;;;;;;;;;;;;;;;;;
870;1.030;5;31,533;;;;;;;;;;;;;;;;;;;;;
871;106;4;9,408;;;;;;;;;;;;;;;;;;;;;
872;2.794;3;51,108;;;;;;;;;;;;;;;;;;;;;
873;1.703;5;37,413;;;;;;;;;;;;;;;;;;;;;
874;347;6;20,155;;;;;;;;;;;;;;;;;;;;;
875;1.134;4;27,251;;;;;;;;;;;;;;;;;;;;;
876;2.051;5;48,893;;;;;;;;;;;;;;;;;;;;;
877;1.503;3;39,055;;;;;;;;;;;;;;;;;;;;;
878;1.544;3;38,351;;;;;;;;;;;;;;;;;;;;;
879;1.521;4;36,136;;;;;;;;;;;;;;;;;;;;;
880;1.546;3;43,896;;;;;;;;;;;;;;;;;;;;;
881;908;4;25,432;;;;;;;;;;;;;;;;;;;;;
882;2.037;3;39,33;;;;;;;;;;;;;;;;;;;;;
883;1.009;3;33,606;;;;;;;;;;;;;;;;;;;;;
884;230;11;10,528;;;;;;;;;;;;;;;;;;;;;
885;123;10;10,369;;;;;;;;;;;;;;;;;;;;;
886;664;4;21,898;;;;;;;;;;;;;;;;;;;;;
887;378;5;21,111;;;;;;;;;;;;;;;;;;;;;
888;1.486;3;33,853;;;;;;;;;;;;;;;;;;;;;
889;139;12;11,021;;;;;;;;;;;;;;;;;;;;;
890;1.205;5;36,309;;;;;;;;;;;;;;;;;;;;;
891;1.160;4;32,532;;;;;;;;;;;;;;;;;;;;;
892;3.757;3;58,472;;;;;;;;;;;;;;;;;;;;;
893;2.465;3;45,265;;;;;;;;;;;;;;;;;;;;;
894;1.054;4;32,612;;;;;;;;;;;;;;;;;;;;;
895;1.408;3;36,248;;;;;;;;;;;;;;;;;;;;;
896;2.260;2;51,469;;;;;;;;;;;;;;;;;;;;;
897;5.395;3;75,209;;;;;;;;;;;;;;;;;;;;;
898;1.306;4;35,6;;;;;;;;;;;;;;;;;;;;;
899;325;7;20,477;;;;;;;;;;;;;;;;;;;;;
900;1.332;4;32,96;;;;;;;;;;;;;;;;;;;;;
901;818;5;29,138;;;;;;;;;;;;;;;;;;;;;
902;3.553;3;53,895;;;;;;;;;;;;;;;;;;;;;
903;933;3;28,542;;;;;;;;;;;;;;;;;;;;;
904;1.671;1;30,984;;;;;;;;;;;;;;;;;;;;;
905;504;5;22,4;;;;;;;;;;;;;;;;;;;;;
906;4.123;3;52,335;;;;;;;;;;;;;;;;;;;;;
907;1.391;3;33,641;;;;;;;;;;;;;;;;;;;;;
908;1.010;4;32,075;;;;;;;;;;;;;;;;;;;;;
909;248;33;17,6;;;;;;;;;;;;;;;;;;;;;
910;2.288;2;27,405;;;;;;;;;;;;;;;;;;;;;
911;2.328;4;48,896;;;;;;;;;;;;;;;;;;;;;
912;106;10;6,854;;;;;;;;;;;;;;;;;;;;;
913;894;6;23,316;;;;;;;;;;;;;;;;;;;;;
914;215;5;12,744;;;;;;;;;;;;;;;;;;;;;
915;3.281;3;44,898;;;;;;;;;;;;;;;;;;;;;
916;1.190;3;32,151;;;;;;;;;;;;;;;;;;;;;
917;1.987;5;45,804;;;;;;;;;;;;;;;;;;;;;
918;4.236;4;58,657;;;;;;;;;;;;;;;;;;;;;
919;1.137;4;25,191;;;;;;;;;;;;;;;;;;;;;
920;3.864;2;36,829;;;;;;;;;;;;;;;;;;;;;
921;958;5;29,542;;;;;;;;;;;;;;;;;;;;;
922;1.281;2;28,248;;;;;;;;;;;;;;;;;;;;;
923;588;3;21,943;;;;;;;;;;;;;;;;;;;;;
924;1.097;3;28,705;;;;;;;;;;;;;;;;;;;;;
925;572;4;18,58;;;;;;;;;;;;;;;;;;;;;
926;2.047;3;36,173;;;;;;;;;;;;;;;;;;;;;
927;5.382;2;57,878;;;;;;;;;;;;;;;;;;;;;
928;3.729;3;56,456;;;;;;;;;;;;;;;;;;;;;
929;4.305;3;64,949;;;;;;;;;;;;;;;;;;;;;
930;1.096;3;27,818;;;;;;;;;;;;;;;;;;;;;
931;3.568;2;39,015;;;;;;;;;;;;;;;;;;;;;
932;828;5;26,186;;;;;;;;;;;;;;;;;;;;;
933;884;4;33,159;;;;;;;;;;;;;;;;;;;;;
934;922;8;32,947;;;;;;;;;;;;;;;;;;;;;
935;2.884;3;58,275;;;;;;;;;;;;;;;;;;;;;
936;1.023;4;33,96;;;;;;;;;;;;;;;;;;;;;
937;1.137;7;27,179;;;;;;;;;;;;;;;;;;;;;
938;1.528;3;27,851;;;;;;;;;;;;;;;;;;;;;
939;3.432;3;56,565;;;;;;;;;;;;;;;;;;;;;
940;1.119;4;33,996;;;;;;;;;;;;;;;;;;;;;
941;597;4;28,162;;;;;;;;;;;;;;;;;;;;;
942;626;4;19,201;;;;;;;;;;;;;;;;;;;;;
943;4.134;3;66,344;;;;;;;;;;;;;;;;;;;;;
944;400;24;18,351;;;;;;;;;;;;;;;;;;;;;
945;1.655;3;34,462;;;;;;;;;;;;;;;;;;;;;
946;777;5;25,623;;;;;;;;;;;;;;;;;;;;;
947;269;6;19,061;;;;;;;;;;;;;;;;;;;;;
948;5.551;6;75,689;;;;;;;;;;;;;;;;;;;;;
949;401;4;21,141;;;;;;;;;;;;;;;;;;;;;
950;874;3;25,522;;;;;;;;;;;;;;;;;;;;;
951;727;3;24,918;;;;;;;;;;;;;;;;;;;;;
952;2.550;2;42,24;;;;;;;;;;;;;;;;;;;;;
953;297;4;14,832;;;;;;;;;;;;;;;;;;;;;
954;208;2;11,897;;;;;;;;;;;;;;;;;;;;;
955;2.809;1;43,183;;;;;;;;;;;;;;;;;;;;;
956;3.849;3;66,444;;;;;;;;;;;;;;;;;;;;;
957;514;5;24,453;;;;;;;;;;;;;;;;;;;;;
958;1.251;3;28,847;;;;;;;;;;;;;;;;;;;;;
959;1.382;3;35,737;;;;;;;;;;;;;;;;;;;;;
960;1.974;3;37,265;;;;;;;;;;;;;;;;;;;;;
961;166;6;14,634;;;;;;;;;;;;;;;;;;;;;
962;2.292;4;48,999;;;;;;;;;;;;;;;;;;;;;
963;793;3;26,313;;;;;;;;;;;;;;;;;;;;;
964;1.894;4;48,375;;;;;;;;;;;;;;;;;;;;;
965;1.144;3;28,482;;;;;;;;;;;;;;;;;;;;;
966;190;5;12,843;;;;;;;;;;;;;;;;;;;;;
967;781;7;24,228;;;;;;;;;;;;;;;;;;;;;
968;574;6;22,907;;;;;;;;;;;;;;;;;;;;;
969;2.709;4;43,85;;;;;;;;;;;;;;;;;;;;;
970;1.330;3;29,511;;;;;;;;;;;;;;;;;;;;;
971;2.354;3;49,587;;;;;;;;;;;;;;;;;;;;;
972;628;1;19,236;;;;;;;;;;;;;;;;;;;;;
973;141;2;9,358;;;;;;;;;;;;;;;;;;;;;
974;905;4;30,8;;;;;;;;;;;;;;;;;;;;;
975;192;26;14,373;;;;;;;;;;;;;;;;;;;;;
976;1.121;1;22,247;;;;;;;;;;;;;;;;;;;;;
977;3.399;3;54,317;;;;;;;;;;;;;;;;;;;;;
978;3.605;29;60,365;;;;;;;;;;;;;;;;;;;;;
979;472;7;21,2;;;;;;;;;;;;;;;;;;;;;
980;977;4;31,328;;;;;;;;;;;;;;;;;;;;;
981;3.956;3;66,86;;;;;;;;;;;;;;;;;;;;;
982;3.628;2;51,606;;;;;;;;;;;;;;;;;;;;;
983;138;9;11,834;;;;;;;;;;;;;;;;;;;;;
984;3.330;3;53,889;;;;;;;;;;;;;;;;;;;;;
985;227;1;13,344;;;;;;;;;;;;;;;;;;;;;
986;2.134;5;38,059;;;;;;;;;;;;;;;;;;;;;
987;530;3;23,385;;;;;;;;;;;;;;;;;;;;;
988;2.267;4;45,622;;;;;;;;;;;;;;;;;;;;;
989;366;4;11,08;;;;;;;;;;;;;;;;;;;;;
990;1.977;4;44,686;;;;;;;;;;;;;;;;;;;;;
991;741;3;27,343;;;;;;;;;;;;;;;;;;;;;
992;1.736;4;39,246;;;;;;;;;;;;;;;;;;;;;
993;1.439;4;33,354;;;;;;;;;;;;;;;;;;;;;
994;439;9;20,545;;;;;;;;;;;;;;;;;;;;;
995;137;12;10,659;;;;;;;;;;;;;;;;;;;;;
996;311;1;18,603;;;;;;;;;;;;;;;;;;;;;
997;561;6;20,924;;;;;;;;;;;;;;;;;;;;;
998;2.926;23;58,195;;;;;;;;;;;;;;;;;;;;;
999;2.298;3;45,869;;;;;;;;;;;;;;;;;;;;;
1000;1.667;4;40,208;;;;;;;;;;;;;;;;;;;;;
1001;498;3;22,116;;;;;;;;;;;;;;;;;;;;;
1002;909;3;29,786;;;;;;;;;;;;;;;;;;;;;
1003;122;2;9,735;;;;;;;;;;;;;;;;;;;;;
1004;4.217;3;57,393;;;;;;;;;;;;;;;;;;;;;
1005;3.390;4;67,161;;;;;;;;;;;;;;;;;;;;;
1006;1.787;3;42,36;;;;;;;;;;;;;;;;;;;;;
1007;370;7;20,611;;;;;;;;;;;;;;;;;;;;;
1008;821;6;24,741;;;;;;;;;;;;;;;;;;;;;
1009;671;4;26,399;;;;;;;;;;;;;;;;;;;;;
1010;1.631;4;40,911;;;;;;;;;;;;;;;;;;;;;
1011;688;4;24,91;;;;;;;;;;;;;;;;;;;;;
1012;1.157;3;36,988;;;;;;;;;;;;;;;;;;;;;
1013;1.932;5;50,333;;;;;;;;;;;;;;;;;;;;;
1014;987;4;33,752;;;;;;;;;;;;;;;;;;;;;
1015;197;6;11,666;;;;;;;;;;;;;;;;;;;;;
1016;2.077;4;41,602;;;;;;;;;;;;;;;;;;;;;
1017;798;3;26,97;;;;;;;;;;;;;;;;;;;;;
1018;319;2;17,98;;;;;;;;;;;;;;;;;;;;;
1019;1.096;5;28,828;;;;;;;;;;;;;;;;;;;;;
1020;648;6;26,59;;;;;;;;;;;;;;;;;;;;;
1021;548;4;25,146;;;;;;;;;;;;;;;;;;;;;
1022;2.188;3;47,065;;;;;;;;;;;;;;;;;;;;;
1023;773;4;30,569;;;;;;;;;;;;;;;;;;;;;
1024;1.386;4;37,557;;;;;;;;;;;;;;;;;;;;;
1025;1.308;1;34,383;;;;;;;;;;;;;;;;;;;;;
1026;4.601;3;70,249;;;;;;;;;;;;;;;;;;;;;
1027;1.050;5;35,891;;;;;;;;;;;;;;;;;;;;;
1028;1.025;4;35,747;;;;;;;;;;;;;;;;;;;;;
1029;1.152;4;38,713;;;;;;;;;;;;;;;;;;;;;
1030;649;8;22,768;;;;;;;;;;;;;;;;;;;;;
1031;2.305;4;47,587;;;;;;;;;;;;;;;;;;;;;
1032;2.290;4;51,586;;;;;;;;;;;;;;;;;;;;;
1033;1.382;4;35,815;;;;;;;;;;;;;;;;;;;;;
1034;242;6;14,769;;;;;;;;;;;;;;;;;;;;;
1035;2.729;5;45,173;;;;;;;;;;;;;;;;;;;;;
1036;794;6;28,624;;;;;;;;;;;;;;;;;;;;;
1037;818;5;32,827;;;;;;;;;;;;;;;;;;;;;
1038;798;2;30,494;;;;;;;;;;;;;;;;;;;;;
1039;289;4;17,953;;;;;;;;;;;;;;;;;;;;;
1040;1.085;4;35,56;;;;;;;;;;;;;;;;;;;;;
1041;1.906;4;33,463;;;;;;;;;;;;;;;;;;;;;
1042;440;4;18,647;;;;;;;;;;;;;;;;;;;;;
1043;940;4;26,73;;;;;;;;;;;;;;;;;;;;;
1044;238;53;19,232;;;;;;;;;;;;;;;;;;;;;
1045;1.615;4;37,321;;;;;;;;;;;;;;;;;;;;;
1046;1.603;5;40,439;;;;;;;;;;;;;;;;;;;;;
1047;2.722;4;58,497;;;;;;;;;;;;;;;;;;;;;
1048;954;5;29,656;;;;;;;;;;;;;;;;;;;;;
1049;571;4;19,718;;;;;;;;;;;;;;;;;;;;;
1050;1.792;4;47,671;;;;;;;;;;;;;;;;;;;;;
1051;589;4;19,837;;;;;;;;;;;;;;;;;;;;;
1052;1.145;1;27,657;;;;;;;;;;;;;;;;;;;;;
1053;291;7;19,57;;;;;;;;;;;;;;;;;;;;;
1054;1.523;4;38,606;;;;;;;;;;;;;;;;;;;;;
1055;782;4;25,458;;;;;;;;;;;;;;;;;;;;;
1056;3.334;3;42,741;;;;;;;;;;;;;;;;;;;;;
1057;4.893;3;73,05;;;;;;;;;;;;;;;;;;;;;
1058;586;6;22,765;;;;;;;;;;;;;;;;;;;;;
1059;1.169;2;34,126;;;;;;;;;;;;;;;;;;;;;
1060;2.256;4;51,201;;;;;;;;;;;;;;;;;;;;;
1061;326;7;15,98;;;;;;;;;;;;;;;;;;;;;
1062;4.446;1;58,294;;;;;;;;;;;;;;;;;;;;;
1063;2.676;3;52,892;;;;;;;;;;;;;;;;;;;;;
1064;185;6;10,641;;;;;;;;;;;;;;;;;;;;;
1065;1.680;3;40,299;;;;;;;;;;;;;;;;;;;;;
1066;4.011;3;45,742;;;;;;;;;;;;;;;;;;;;;
1067;3.727;3;55,467;;;;;;;;;;;;;;;;;;;;;
1068;4.905;2;74,105;;;;;;;;;;;;;;;;;;;;;
1069;3.112;3;55,84;;;;;;;;;;;;;;;;;;;;;
1070;266;6;16,276;;;;;;;;;;;;;;;;;;;;;
1071;1.420;4;39,666;;;;;;;;;;;;;;;;;;;;;
1072;856;3;30,622;;;;;;;;;;;;;;;;;;;;;
1073;1.208;4;35,961;;;;;;;;;;;;;;;;;;;;;
1074;469;4;21,096;;;;;;;;;;;;;;;;;;;;;
1075;633;8;26,94;;;;;;;;;;;;;;;;;;;;;
1076;2.669;5;53,325;;;;;;;;;;;;;;;;;;;;;
1077;108;16;11,103;;;;;;;;;;;;;;;;;;;;;
1078;1.013;4;35,501;;;;;;;;;;;;;;;;;;;;;
1079;741;5;29,846;;;;;;;;;;;;;;;;;;;;;
1080;284;5;14,001;;;;;;;;;;;;;;;;;;;;;
1081;217;5;17,225;;;;;;;;;;;;;;;;;;;;;
1082;897;7;32,036;;;;;;;;;;;;;;;;;;;;;
1083;887;3;31,62;;;;;;;;;;;;;;;;;;;;;
1084;3.012;2;52,365;;;;;;;;;;;;;;;;;;;;;
1085;2.149;4;42,65;;;;;;;;;;;;;;;;;;;;;
1086;1.090;3;29,302;;;;;;;;;;;;;;;;;;;;;
1087;2.538;4;46,359;;;;;;;;;;;;;;;;;;;;;
1088;1.639;5;42,462;;;;;;;;;;;;;;;;;;;;;
1089;1.000;4;26,919;;;;;;;;;;;;;;;;;;;;;
1090;1.100;5;31,545;;;;;;;;;;;;;;;;;;;;;
1091;254;5;13,492;;;;;;;;;;;;;;;;;;;;;
1092;1.862;3;35,168;;;;;;;;;;;;;;;;;;;;;
1093;2.177;5;46,581;;;;;;;;;;;;;;;;;;;;;
1094;2.896;10;62,942;;;;;;;;;;;;;;;;;;;;;
1095;431;5;22,736;;;;;;;;;;;;;;;;;;;;;
1096;1.611;3;42,177;;;;;;;;;;;;;;;;;;;;;
1097;233;3;16,565;;;;;;;;;;;;;;;;;;;;;
1098;387;8;20,245;;;;;;;;;;;;;;;;;;;;;
1099;1.567;6;38,38;;;;;;;;;;;;;;;;;;;;;
1100;1.195;3;31,55;;;;;;;;;;;;;;;;;;;;;
1101;571;4;21,119;;;;;;;;;;;;;;;;;;;;;
1102;3.930;3;42,903;;;;;;;;;;;;;;;;;;;;;
1103;671;6;21,797;;;;;;;;;;;;;;;;;;;;;
1104;1.131;4;34,448;;;;;;;;;;;;;;;;;;;;;
1105;1.176;4;32,639;;;;;;;;;;;;;;;;;;;;;
1106;625;7;26,399;;;;;;;;;;;;;;;;;;;;;
1107;582;4;21,633;;;;;;;;;;;;;;;;;;;;;
1108;1.935;4;45,869;;;;;;;;;;;;;;;;;;;;;
1109;5.351;1;58,005;;;;;;;;;;;;;;;;;;;;;
1110;3.100;4;60,428;;;;;;;;;;;;;;;;;;;;;
1111;530;6;25,357;;;;;;;;;;;;;;;;;;;;;
1112;1.432;4;32,844;;;;;;;;;;;;;;;;;;;;;
1113;1.817;4;49,513;;;;;;;;;;;;;;;;;;;;;
1114;1.982;3;44,669;;;;;;;;;;;;;;;;;;;;;
1115;268;5;15,142;;;;;;;;;;;;;;;;;;;;;
1116;564;5;22,086;;;;;;;;;;;;;;;;;;;;;
1117;582;5;23,813;;;;;;;;;;;;;;;;;;;;;
1118;407;1;17,644;;;;;;;;;;;;;;;;;;;;;
1119;1.598;6;39,564;;;;;;;;;;;;;;;;;;;;;
1120;780;5;29,682;;;;;;;;;;;;;;;;;;;;;
1121;4.630;3;60,166;;;;;;;;;;;;;;;;;;;;;
1122;339;4;18,969;;;;;;;;;;;;;;;;;;;;;
1123;1.334;3;32,69;;;;;;;;;;;;;;;;;;;;;
1124;1.690;4;36,103;;;;;;;;;;;;;;;;;;;;;
1125;732;5;27,523;;;;;;;;;;;;;;;;;;;;;
1126;1.264;5;39,413;;;;;;;;;;;;;;;;;;;;;
1127;168;5;10,764;;;;;;;;;;;;;;;;;;;;;
1128;2.481;3;46,001;;;;;;;;;;;;;;;;;;;;;
1129;3.691;4;56,505;;;;;;;;;;;;;;;;;;;;;
1130;2.361;2;47,257;;;;;;;;;;;;;;;;;;;;;
1131;1.269;5;34,98;;;;;;;;;;;;;;;;;;;;;
1132;479;3;21,757;;;;;;;;;;;;;;;;;;;;;
1133;4.641;2;58,24;;;;;;;;;;;;;;;;;;;;;
1134;2.342;4;48,336;;;;;;;;;;;;;;;;;;;;;
1135;883;4;29,65;;;;;;;;;;;;;;;;;;;;;
1136;269;7;13,925;;;;;;;;;;;;;;;;;;;;;
1137;1.675;4;36,26;;;;;;;;;;;;;;;;;;;;;
1138;937;6;29,526;;;;;;;;;;;;;;;;;;;;;
1139;1.544;3;33,353;;;;;;;;;;;;;;;;;;;;;
1140;982;4;31,036;;;;;;;;;;;;;;;;;;;;;
1141;624;4;27,484;;;;;;;;;;;;;;;;;;;;;
1142;354;6;20,436;;;;;;;;;;;;;;;;;;;;;
1143;979;5;31,296;;;;;;;;;;;;;;;;;;;;;
1144;1.132;7;33,266;;;;;;;;;;;;;;;;;;;;;
1145;1.812;5;40,063;;;;;;;;;;;;;;;;;;;;;
1146;495;3;21,984;;;;;;;;;;;;;;;;;;;;;
1147;1.418;4;41,745;;;;;;;;;;;;;;;;;;;;;
1148;614;5;19,585;;;;;;;;;;;;;;;;;;;;;
1149;1.042;6;30,016;;;;;;;;;;;;;;;;;;;;;
1150;2.081;4;42,813;;;;;;;;;;;;;;;;;;;;;
1151;2.383;2;42,656;;;;;;;;;;;;;;;;;;;;;
1152;4.024;2;59,817;;;;;;;;;;;;;;;;;;;;;
1153;237;4;13,949;;;;;;;;;;;;;;;;;;;;;
1154;2.281;3;35,074;;;;;;;;;;;;;;;;;;;;;
1155;481;6;17,342;;;;;;;;;;;;;;;;;;;;;
1156;882;7;33,941;;;;;;;;;;;;;;;;;;;;;
1157;217;4;16,112;;;;;;;;;;;;;;;;;;;;;
1158;779;3;29,611;;;;;;;;;;;;;;;;;;;;;
1159;3.744;5;65,081;;;;;;;;;;;;;;;;;;;;;
1160;2.200;8;43,258;;;;;;;;;;;;;;;;;;;;;
1161;951;3;34,124;;;;;;;;;;;;;;;;;;;;;
1162;1.745;5;48,975;;;;;;;;;;;;;;;;;;;;;
1163;2.338;4;32,694;;;;;;;;;;;;;;;;;;;;;
1164;5.067;2;73,238;;;;;;;;;;;;;;;;;;;;;
1165;1.438;4;32,274;;;;;;;;;;;;;;;;;;;;;
1166;871;3;25,626;;;;;;;;;;;;;;;;;;;;;
1167;257;7;13,128;;;;;;;;;;;;;;;;;;;;;
1168;2.240;5;48,27;;;;;;;;;;;;;;;;;;;;;
1169;574;5;22,937;;;;;;;;;;;;;;;;;;;;;
1170;2.255;4;50,291;;;;;;;;;;;;;;;;;;;;;
1171;3.076;3;48,043;;;;;;;;;;;;;;;;;;;;;
1172;378;26;23,484;;;;;;;;;;;;;;;;;;;;;
1173;633;4;23,161;;;;;;;;;;;;;;;;;;;;;
1174;177;13;10,806;;;;;;;;;;;;;;;;;;;;;
1175;374;4;18,997;;;;;;;;;;;;;;;;;;;;;
1176;579;2;22,336;;;;;;;;;;;;;;;;;;;;;
1177;976;7;27,432;;;;;;;;;;;;;;;;;;;;;
1178;1.233;3;31,428;;;;;;;;;;;;;;;;;;;;;
1179;1.611;4;37,084;;;;;;;;;;;;;;;;;;;;;
1180;3.458;2;49,145;;;;;;;;;;;;;;;;;;;;;
1181;113;11;10,999;;;;;;;;;;;;;;;;;;;;;
1182;3.541;4;56,817;;;;;;;;;;;;;;;;;;;;;
1183;3.817;4;66,412;;;;;;;;;;;;;;;;;;;;;
1184;1.127;4;28,294;;;;;;;;;;;;;;;;;;;;;
1185;2.871;3;56,313;;;;;;;;;;;;;;;;;;;;;
1186;3.571;3;65,437;;;;;;;;;;;;;;;;;;;;;
1187;1.568;4;42,667;;;;;;;;;;;;;;;;;;;;;
1188;491;4;23,883;;;;;;;;;;;;;;;;;;;;;
1189;882;3;25,374;;;;;;;;;;;;;;;;;;;;;
1190;873;5;26,279;;;;;;;;;;;;;;;;;;;;;
1191;441;7;17,751;;;;;;;;;;;;;;;;;;;;;
1192;1.191;3;36,866;;;;;;;;;;;;;;;;;;;;;
1193;5.036;7;76,159;;;;;;;;;;;;;;;;;;;;;
1194;435;2;19,282;;;;;;;;;;;;;;;;;;;;;
1195;656;4;27,58;;;;;;;;;;;;;;;;;;;;;
1196;970;4;27,448;;;;;;;;;;;;;;;;;;;;;
1197;664;3;22,384;;;;;;;;;;;;;;;;;;;;;
1198;315;11;15,577;;;;;;;;;;;;;;;;;;;;;
1199;572;4;20,923;;;;;;;;;;;;;;;;;;;;;
1200;350;6;19,578;;;;;;;;;;;;;;;;;;;;;
1201;1.366;2;41,948;;;;;;;;;;;;;;;;;;;;;
1202;1.053;3;32,648;;;;;;;;;;;;;;;;;;;;;
1203;1.041;3;30,37;;;;;;;;;;;;;;;;;;;;;
1204;3.148;4;44,914;;;;;;;;;;;;;;;;;;;;;
1205;332;10;14,754;;;;;;;;;;;;;;;;;;;;;
1206;2.411;3;57,226;;;;;;;;;;;;;;;;;;;;;
1207;1.518;4;35,298;;;;;;;;;;;;;;;;;;;;;
1208;497;4;18,112;;;;;;;;;;;;;;;;;;;;;
1209;1.308;5;35,425;;;;;;;;;;;;;;;;;;;;;
1210;680;2;27,145;;;;;;;;;;;;;;;;;;;;;
1211;297;5;15,593;;;;;;;;;;;;;;;;;;;;;
1212;1.079;4;29,95;;;;;;;;;;;;;;;;;;;;;
1213;5.099;2;70,135;;;;;;;;;;;;;;;;;;;;;
1214;688;3;24,233;;;;;;;;;;;;;;;;;;;;;
1215;779;4;27,929;;;;;;;;;;;;;;;;;;;;;
1216;1.590;5;39,163;;;;;;;;;;;;;;;;;;;;;
1217;1.333;4;31,073;;;;;;;;;;;;;;;;;;;;;
1218;1.559;4;34,093;;;;;;;;;;;;;;;;;;;;;
1219;2.457;4;49,313;;;;;;;;;;;;;;;;;;;;;
1220;1.973;3;44,016;;;;;;;;;;;;;;;;;;;;;
1221;183;6;14,769;;;;;;;;;;;;;;;;;;;;;
1222;1.408;4;38,412;;;;;;;;;;;;;;;;;;;;;
1223;1.045;5;32,564;;;;;;;;;;;;;;;;;;;;;
1224;1.338;4;40,246;;;;;;;;;;;;;;;;;;;;;
1225;352;5;16,146;;;;;;;;;;;;;;;;;;;;;
1226;3.211;3;58,814;;;;;;;;;;;;;;;;;;;;;
1227;130;11;9,374;;;;;;;;;;;;;;;;;;;;;
1228;2.010;3;48,316;;;;;;;;;;;;;;;;;;;;;
1229;699;4;27,517;;;;;;;;;;;;;;;;;;;;;
1230;456;2;21,283;;;;;;;;;;;;;;;;;;;;;
1231;839;4;29,219;;;;;;;;;;;;;;;;;;;;;
1232;686;6;19,919;;;;;;;;;;;;;;;;;;;;;
1233;1.088;5;31,074;;;;;;;;;;;;;;;;;;;;;
1234;1.069;3;39,119;;;;;;;;;;;;;;;;;;;;;
1235;626;4;29,981;;;;;;;;;;;;;;;;;;;;;
1236;1.404;4;36,319;;;;;;;;;;;;;;;;;;;;;
1237;3.030;3;56,33;;;;;;;;;;;;;;;;;;;;;
1238;2.559;3;53,622;;;;;;;;;;;;;;;;;;;;;
1239;111;6;9,928;;;;;;;;;;;;;;;;;;;;;
1240;929;4;30,393;;;;;;;;;;;;;;;;;;;;;
1241;1.100;3;31,296;;;;;;;;;;;;;;;;;;;;;
1242;4.384;2;70,245;;;;;;;;;;;;;;;;;;;;;
1243;173;7;13,173;;;;;;;;;;;;;;;;;;;;;
1244;1.655;2;40,34;;;;;;;;;;;;;;;;;;;;;
1245;232;8;16,645;;;;;;;;;;;;;;;;;;;;;
1246;547;9;22,991;;;;;;;;;;;;;;;;;;;;;
1247;1.164;3;37,744;;;;;;;;;;;;;;;;;;;;;
1248;155;6;12,253;;;;;;;;;;;;;;;;;;;;;
1249;2.908;3;57,113;;;;;;;;;;;;;;;;;;;;;
1250;987;5;30,617;;;;;;;;;;;;;;;;;;;;;
1251;2.456;3;44,551;;;;;;;;;;;;;;;;;;;;;
1252;1.712;5;41,529;;;;;;;;;;;;;;;;;;;;;
1253;247;6;17,231;;;;;;;;;;;;;;;;;;;;;
1254;597;4;21,661;;;;;;;;;;;;;;;;;;;;;
1255;128;8;11,408;;;;;;;;;;;;;;;;;;;;;
1256;635;6;20,081;;;;;;;;;;;;;;;;;;;;;
1257;1.492;3;35,39;;;;;;;;;;;;;;;;;;;;;
1258;3.052;3;57,878;;;;;;;;;;;;;;;;;;;;;
1259;1.806;4;47,148;;;;;;;;;;;;;;;;;;;;;
1260;4.137;3;62,829;;;;;;;;;;;;;;;;;;;;;
1261;1.220;3;31,874;;;;;;;;;;;;;;;;;;;;;
1262;2.320;2;46,213;;;;;;;;;;;;;;;;;;;;;
1263;944;4;26,952;;;;;;;;;;;;;;;;;;;;;
1264;1.150;4;34,741;;;;;;;;;;;;;;;;;;;;;
1265;1.438;3;28,09;;;;;;;;;;;;;;;;;;;;;
1266;523;3;18,462;;;;;;;;;;;;;;;;;;;;;
1267;1.337;3;37,167;;;;;;;;;;;;;;;;;;;;;
1268;983;4;30,467;;;;;;;;;;;;;;;;;;;;;
1269;360;6;18,462;;;;;;;;;;;;;;;;;;;;;
1270;2.761;7;49,482;;;;;;;;;;;;;;;;;;;;;
1271;898;4;29,805;;;;;;;;;;;;;;;;;;;;;
1272;399;4;18,223;;;;;;;;;;;;;;;;;;;;;
1273;1.976;2;39,343;;;;;;;;;;;;;;;;;;;;;
1274;221;17;12,973;;;;;;;;;;;;;;;;;;;;;
1275;3.996;3;48,45;;;;;;;;;;;;;;;;;;;;;
1276;2.277;4;45,986;;;;;;;;;;;;;;;;;;;;;
1277;1.805;4;34,391;;;;;;;;;;;;;;;;;;;;;
1278;104;5;9,948;;;;;;;;;;;;;;;;;;;;;
1279;3.098;3;41,837;;;;;;;;;;;;;;;;;;;;;
1280;279;6;17,986;;;;;;;;;;;;;;;;;;;;;
1281;436;6;22,28;;;;;;;;;;;;;;;;;;;;;
1282;1.957;3;42,169;;;;;;;;;;;;;;;;;;;;;
1283;1.135;4;27,048;;;;;;;;;;;;;;;;;;;;;
1284;901;10;31,805;;;;;;;;;;;;;;;;;;;;;
1285;2.819;3;48,246;;;;;;;;;;;;;;;;;;;;;
1286;825;3;27,658;;;;;;;;;;;;;;;;;;;;;
1287;1.170;3;35,857;;;;;;;;;;;;;;;;;;;;;
1288;941;6;32,938;;;;;;;;;;;;;;;;;;;;;
1289;231;3;15,103;;;;;;;;;;;;;;;;;;;;;
1290;596;6;27,363;;;;;;;;;;;;;;;;;;;;;
1291;2.453;4;39,702;;;;;;;;;;;;;;;;;;;;;
1292;703;4;24,901;;;;;;;;;;;;;;;;;;;;;
1293;1.497;4;42,016;;;;;;;;;;;;;;;;;;;;;
1294;1.500;5;40,979;;;;;;;;;;;;;;;;;;;;;
1295;327;4;19,496;;;;;;;;;;;;;;;;;;;;;
1296;417;6;20,513;;;;;;;;;;;;;;;;;;;;;
1297;1.305;4;32,743;;;;;;;;;;;;;;;;;;;;;
1298;480;4;23,385;;;;;;;;;;;;;;;;;;;;;
1299;1.055;3;24,919;;;;;;;;;;;;;;;;;;;;;
1300;962;2;24,885;;;;;;;;;;;;;;;;;;;;;
1301;692;5;27,134;;;;;;;;;;;;;;;;;;;;;
1302;937;4;29,98;;;;;;;;;;;;;;;;;;;;;
1303;1.098;2;30,422;;;;;;;;;;;;;;;;;;;;;
1304;3.636;3;48,251;;;;;;;;;;;;;;;;;;;;;
1305;102;20;10,825;;;;;;;;;;;;;;;;;;;;;
1306;2.734;5;46,2;;;;;;;;;;;;;;;;;;;;;
1307;820;4;23,143;;;;;;;;;;;;;;;;;;;;;
1308;1.107;8;30,179;;;;;;;;;;;;;;;;;;;;;
1309;670;4;24,947;;;;;;;;;;;;;;;;;;;;;
1310;1.962;2;47,773;;;;;;;;;;;;;;;;;;;;;
1311;1.360;4;37,655;;;;;;;;;;;;;;;;;;;;;
1312;5.685;2;77,157;;;;;;;;;;;;;;;;;;;;;
1313;872;3;22,649;;;;;;;;;;;;;;;;;;;;;
1314;986;3;27,511;;;;;;;;;;;;;;;;;;;;;
1315;2.105;5;34,425;;;;;;;;;;;;;;;;;;;;;
1316;855;5;24,758;;;;;;;;;;;;;;;;;;;;;
1317;483;5;21,908;;;;;;;;;;;;;;;;;;;;;
1318;2.869;3;50,854;;;;;;;;;;;;;;;;;;;;;
1319;2.046;5;51,503;;;;;;;;;;;;;;;;;;;;;
1320;4.345;2;65,396;;;;;;;;;;;;;;;;;;;;;
1321;448;2;21,637;;;;;;;;;;;;;;;;;;;;;
1322;1.552;2;32,002;;;;;;;;;;;;;;;;;;;;;
1323;102;6;9,98;;;;;;;;;;;;;;;;;;;;;
1324;1.996;2;38,439;;;;;;;;;;;;;;;;;;;;;
1325;1.799;3;38,851;;;;;;;;;;;;;;;;;;;;;
1326;1.284;6;34,57;;;;;;;;;;;;;;;;;;;;;
1327;2.712;5;37,935;;;;;;;;;;;;;;;;;;;;;
1328;1.668;3;40,533;;;;;;;;;;;;;;;;;;;;;
1329;2.994;3;61,659;;;;;;;;;;;;;;;;;;;;;
1330;2.398;5;52,213;;;;;;;;;;;;;;;;;;;;;
1331;3.945;4;66,538;;;;;;;;;;;;;;;;;;;;;
1332;1.033;3;34,596;;;;;;;;;;;;;;;;;;;;;
1333;3.769;6;66,369;;;;;;;;;;;;;;;;;;;;;
1334;1.163;3;31,367;;;;;;;;;;;;;;;;;;;;;
1335;780;4;28,255;;;;;;;;;;;;;;;;;;;;;
1336;1.513;2;43,916;;;;;;;;;;;;;;;;;;;;;
1337;1.211;3;35,862;;;;;;;;;;;;;;;;;;;;;
1338;1.115;3;33,8;;;;;;;;;;;;;;;;;;;;;
1339;1.004;5;28,769;;;;;;;;;;;;;;;;;;;;;
1340;4.734;2;72,234;;;;;;;;;;;;;;;;;;;;;
1341;1.533;3;34,082;;;;;;;;;;;;;;;;;;;;;
1342;1.022;5;32,465;;;;;;;;;;;;;;;;;;;;;
1343;1.373;2;31,724;;;;;;;;;;;;;;;;;;;;;
1344;797;4;29,393;;;;;;;;;;;;;;;;;;;;;
1345;904;3;20,714;;;;;;;;;;;;;;;;;;;;;
1346;1.029;4;35,766;;;;;;;;;;;;;;;;;;;;;
1347;1.408;2;28,814;;;;;;;;;;;;;;;;;;;;;
1348;1.936;3;43,487;;;;;;;;;;;;;;;;;;;;;
1349;1.601;2;35,09;;;;;;;;;;;;;;;;;;;;;
1350;105;4;10,734;;;;;;;;;;;;;;;;;;;;;
1351;1.175;3;26,965;;;;;;;;;;;;;;;;;;;;;
1352;4.379;4;71,485;;;;;;;;;;;;;;;;;;;;;
1353;1.196;4;37,203;;;;;;;;;;;;;;;;;;;;;
1354;809;4;29,128;;;;;;;;;;;;;;;;;;;;;
1355;1.646;3;36,977;;;;;;;;;;;;;;;;;;;;;
1356;2.044;3;48,167;;;;;;;;;;;;;;;;;;;;;
1357;3.554;3;64,373;;;;;;;;;;;;;;;;;;;;;
1358;131;5;7,473;;;;;;;;;;;;;;;;;;;;;
1359;847;6;32,425;;;;;;;;;;;;;;;;;;;;;
1360;1.640;5;33,967;;;;;;;;;;;;;;;;;;;;;
1361;1.102;5;26,735;;;;;;;;;;;;;;;;;;;;;
1362;2.426;2;50,966;;;;;;;;;;;;;;;;;;;;;
1363;578;3;14,135;;;;;;;;;;;;;;;;;;;;;
1364;1.044;4;26,709;;;;;;;;;;;;;;;;;;;;;
1365;1.176;6;29,035;;;;;;;;;;;;;;;;;;;;;
1366;678;5;27,152;;;;;;;;;;;;;;;;;;;;;
1367;1.911;4;45,129;;;;;;;;;;;;;;;;;;;;;
1368;971;3;27,209;;;;;;;;;;;;;;;;;;;;;
1369;730;3;23,885;;;;;;;;;;;;;;;;;;;;;
1370;3.035;3;50,237;;;;;;;;;;;;;;;;;;;;;
1371;665;4;27,319;;;;;;;;;;;;;;;;;;;;;
1372;507;4;24,314;;;;;;;;;;;;;;;;;;;;;
1373;2.071;2;44,867;;;;;;;;;;;;;;;;;;;;;
1374;1.360;6;27,309;;;;;;;;;;;;;;;;;;;;;
1375;1.815;3;35,762;;;;;;;;;;;;;;;;;;;;;
1376;944;3;28,932;;;;;;;;;;;;;;;;;;;;;
1377;2.025;3;46,297;;;;;;;;;;;;;;;;;;;;;
1378;457;3;23,621;;;;;;;;;;;;;;;;;;;;;
1379;230;6;13,309;;;;;;;;;;;;;;;;;;;;;
1380;655;7;24,187;;;;;;;;;;;;;;;;;;;;;
1381;2.602;4;46,47;;;;;;;;;;;;;;;;;;;;;
1382;1.618;2;34,641;;;;;;;;;;;;;;;;;;;;;
1383;3.256;3;58,801;;;;;;;;;;;;;;;;;;;;;
1384;457;4;16,292;;;;;;;;;;;;;;;;;;;;;
1385;1.767;6;30,779;;;;;;;;;;;;;;;;;;;;;
1386;1.546;4;42,828;;;;;;;;;;;;;;;;;;;;;
1387;1.547;4;34,498;;;;;;;;;;;;;;;;;;;;;
1388;4.286;2;55,655;;;;;;;;;;;;;;;;;;;;;
1389;2.023;2;46,103;;;;;;;;;;;;;;;;;;;;;
1390;2.565;2;48,672;;;;;;;;;;;;;;;;;;;;;
1391;1.171;3;34,516;;;;;;;;;;;;;;;;;;;;;
1392;3.696;2;51,324;;;;;;;;;;;;;;;;;;;;;
1393;1.438;4;35,645;;;;;;;;;;;;;;;;;;;;;
1394;1.945;3;36,952;;;;;;;;;;;;;;;;;;;;;
1395;1.102;3;28,013;;;;;;;;;;;;;;;;;;;;;
1396;356;4;16,358;;;;;;;;;;;;;;;;;;;;;
1397;1.574;5;41,53;;;;;;;;;;;;;;;;;;;;;
1398;2.937;4;46,49;;;;;;;;;;;;;;;;;;;;;
1399;489;4;25,785;;;;;;;;;;;;;;;;;;;;;
1400;3.609;3;57,873;;;;;;;;;;;;;;;;;;;;;
1401;253;7;16,565;;;;;;;;;;;;;;;;;;;;;
1402;676;4;24,598;;;;;;;;;;;;;;;;;;;;;
1403;628;5;19,843;;;;;;;;;;;;;;;;;;;;;
1404;1.257;2;34,295;;;;;;;;;;;;;;;;;;;;;
1405;1.956;2;42,145;;;;;;;;;;;;;;;;;;;;;
1406;1.476;4;40,818;;;;;;;;;;;;;;;;;;;;;
1407;2.109;3;47,285;;;;;;;;;;;;;;;;;;;;;
1408;1.026;3;33,685;;;;;;;;;;;;;;;;;;;;;
1409;1.325;5;28,329;;;;;;;;;;;;;;;;;;;;;
1410;2.899;5;58,213;;;;;;;;;;;;;;;;;;;;;
1411;796;4;30,005;;;;;;;;;;;;;;;;;;;;;
1412;195;7;12,659;;;;;;;;;;;;;;;;;;;;;
1413;828;2;28,776;;;;;;;;;;;;;;;;;;;;;
1414;596;10;21,467;;;;;;;;;;;;;;;;;;;;;
1415;567;3;23,482;;;;;;;;;;;;;;;;;;;;;
1416;279;6;17,762;;;;;;;;;;;;;;;;;;;;;
1417;3.516;3;58,646;;;;;;;;;;;;;;;;;;;;;
1418;1.756;4;42,051;;;;;;;;;;;;;;;;;;;;;
1419;1.501;4;31,339;;;;;;;;;;;;;;;;;;;;;
1420;132;6;10,789;;;;;;;;;;;;;;;;;;;;;
1421;260;5;13,905;;;;;;;;;;;;;;;;;;;;;
1422;1.389;2;37,849;;;;;;;;;;;;;;;;;;;;;
1423;1.920;2;46,949;;;;;;;;;;;;;;;;;;;;;
1424;1.066;7;34,907;;;;;;;;;;;;;;;;;;;;;
1425;1.203;2;36,448;;;;;;;;;;;;;;;;;;;;;
1426;1.723;3;36,969;;;;;;;;;;;;;;;;;;;;;
1427;1.135;5;23,348;;;;;;;;;;;;;;;;;;;;;
1428;1.119;3;31,224;;;;;;;;;;;;;;;;;;;;;
1429;4.380;3;55,514;;;;;;;;;;;;;;;;;;;;;
1430;982;3;32,38;;;;;;;;;;;;;;;;;;;;;
1431;1.098;3;29,651;;;;;;;;;;;;;;;;;;;;;
1432;1.737;3;38,512;;;;;;;;;;;;;;;;;;;;;
1433;116;5;8,329;;;;;;;;;;;;;;;;;;;;;
1434;3.350;4;47,363;;;;;;;;;;;;;;;;;;;;;
1435;967;6;26,361;;;;;;;;;;;;;;;;;;;;;
1436;1.392;3;41,442;;;;;;;;;;;;;;;;;;;;;
1437;3.491;3;63,381;;;;;;;;;;;;;;;;;;;;;
1438;2.776;3;36,946;;;;;;;;;;;;;;;;;;;;;
1439;1.004;4;35,073;;;;;;;;;;;;;;;;;;;;;
1440;585;5;22,836;;;;;;;;;;;;;;;;;;;;;
1441;1.042;4;30,168;;;;;;;;;;;;;;;;;;;;;
1442;1.578;4;44,461;;;;;;;;;;;;;;;;;;;;;
1443;2.089;2;42,264;;;;;;;;;;;;;;;;;;;;;
1444;2.382;2;46,149;;;;;;;;;;;;;;;;;;;;;
1445;1.751;3;42,778;;;;;;;;;;;;;;;;;;;;;
1446;242;6;16,746;;;;;;;;;;;;;;;;;;;;;
1447;1.534;3;35,424;;;;;;;;;;;;;;;;;;;;;
1448;2.875;33;55,432;;;;;;;;;;;;;;;;;;;;;
1449;4.392;1;64,908;;;;;;;;;;;;;;;;;;;;;
1450;3.563;4;56,376;;;;;;;;;;;;;;;;;;;;;
1451;309;5;16,883;;;;;;;;;;;;;;;;;;;;;
1452;674;4;21,65;;;;;;;;;;;;;;;;;;;;;
1453;929;6;33,04;;;;;;;;;;;;;;;;;;;;;
1454;129;38;11,706;;;;;;;;;;;;;;;;;;;;;
1455;3.577;3;56,779;;;;;;;;;;;;;;;;;;;;;
1456;422;5;20,436;;;;;;;;;;;;;;;;;;;;;
1457;2.725;5;35,816;;;;;;;;;;;;;;;;;;;;;
1458;1.227;3;36,317;;;;;;;;;;;;;;;;;;;;;
1459;110;21;7,284;;;;;;;;;;;;;;;;;;;;;
1460;2.932;3;54,436;;;;;;;;;;;;;;;;;;;;;
1461;543;3;21,497;;;;;;;;;;;;;;;;;;;;;
1462;1.410;4;38,376;;;;;;;;;;;;;;;;;;;;;
1463;761;4;27,256;;;;;;;;;;;;;;;;;;;;;
1464;167;4;13,538;;;;;;;;;;;;;;;;;;;;;
1465;770;4;29,995;;;;;;;;;;;;;;;;;;;;;
1466;1.575;3;44,775;;;;;;;;;;;;;;;;;;;;;
1467;3.555;7;63,759;;;;;;;;;;;;;;;;;;;;;
1468;1.348;2;29,803;;;;;;;;;;;;;;;;;;;;;
1469;1.261;28;34,727;;;;;;;;;;;;;;;;;;;;;
1470;1.382;3;36,702;;;;;;;;;;;;;;;;;;;;;
1471;3.142;3;57,203;;;;;;;;;;;;;;;;;;;;;
1472;3.219;3;53,096;;;;;;;;;;;;;;;;;;;;;
1473;353;4;19,815;;;;;;;;;;;;;;;;;;;;;
1474;1.969;5;41,411;;;;;;;;;;;;;;;;;;;;;
1475;2.544;2;44,246;;;;;;;;;;;;;;;;;;;;;
1476;1.349;3;40,493;;;;;;;;;;;;;;;;;;;;;
1477;3.896;3;62,562;;;;;;;;;;;;;;;;;;;;;
1478;410;4;25,598;;;;;;;;;;;;;;;;;;;;;
1479;3.053;3;53,57;;;;;;;;;;;;;;;;;;;;;
1480;3.169;3;55,775;;;;;;;;;;;;;;;;;;;;;
1481;714;4;23,689;;;;;;;;;;;;;;;;;;;;;
1482;1.053;4;28,139;;;;;;;;;;;;;;;;;;;;;
1483;413;9;15,458;;;;;;;;;;;;;;;;;;;;;
1484;1.013;4;24,077;;;;;;;;;;;;;;;;;;;;;
1485;1.509;4;42,151;;;;;;;;;;;;;;;;;;;;;
1486;649;4;26,769;;;;;;;;;;;;;;;;;;;;;
1487;1.904;4;33,181;;;;;;;;;;;;;;;;;;;;;
1488;3.101;3;53,418;;;;;;;;;;;;;;;;;;;;;
1489;697;4;21,873;;;;;;;;;;;;;;;;;;;;;
1490;3.831;4;58,704;;;;;;;;;;;;;;;;;;;;;
1491;640;3;24,988;;;;;;;;;;;;;;;;;;;;;
1492;1.294;3;39,022;;;;;;;;;;;;;;;;;;;;;
1493;1.232;3;31,529;;;;;;;;;;;;;;;;;;;;;
1494;1.531;4;31,483;;;;;;;;;;;;;;;;;;;;;
1495;1.746;3;39,397;;;;;;;;;;;;;;;;;;;;;
1496;307;2;11,854;;;;;;;;;;;;;;;;;;;;;
1497;1.129;4;27,338;;;;;;;;;;;;;;;;;;;;;
1498;464;5;18,451;;;;;;;;;;;;;;;;;;;;;
1499;1.096;4;33,936;;;;;;;;;;;;;;;;;;;;;
1500;468;4;19,318;;;;;;;;;;;;;;;;;;;;;
1501;556;3;24,126;;;;;;;;;;;;;;;;;;;;;
1502;5.358;2;64,424;;;;;;;;;;;;;;;;;;;;;
1503;1.094;7;38,384;;;;;;;;;;;;;;;;;;;;;
1504;239;4;15,049;;;;;;;;;;;;;;;;;;;;;
1505;1.751;29;41,256;;;;;;;;;;;;;;;;;;;;;
1506;551;3;23,117;;;;;;;;;;;;;;;;;;;;;
1507;1.691;4;43,474;;;;;;;;;;;;;;;;;;;;;
1508;2.021;4;46,559;;;;;;;;;;;;;;;;;;;;;
1509;1.049;3;31,924;;;;;;;;;;;;;;;;;;;;;
1510;969;3;30,261;;;;;;;;;;;;;;;;;;;;;
1511;2.676;2;44,176;;;;;;;;;;;;;;;;;;;;;
1512;961;3;31,615;;;;;;;;;;;;;;;;;;;;;
1513;376;3;18,847;;;;;;;;;;;;;;;;;;;;;
1514;1.105;1;29,975;;;;;;;;;;;;;;;;;;;;;
1515;1.000;2;30,577;;;;;;;;;;;;;;;;;;;;;
1516;159;4;13,481;;;;;;;;;;;;;;;;;;;;;
1517;900;3;32,157;;;;;;;;;;;;;;;;;;;;;
1518;2.196;4;42,164;;;;;;;;;;;;;;;;;;;;;
1519;126;3;11,898;;;;;;;;;;;;;;;;;;;;;
1520;1.091;5;33,955;;;;;;;;;;;;;;;;;;;;;
1521;1.002;4;25,774;;;;;;;;;;;;;;;;;;;;;
1522;1.413;3;33,983;;;;;;;;;;;;;;;;;;;;;
1523;3.408;3;45,849;;;;;;;;;;;;;;;;;;;;;
1524;3.315;3;55,728;;;;;;;;;;;;;;;;;;;;;
1525;186;5;15,436;;;;;;;;;;;;;;;;;;;;;
1526;1.384;3;36,274;;;;;;;;;;;;;;;;;;;;;
1527;4.721;5;71,039;;;;;;;;;;;;;;;;;;;;;
1528;1.425;5;40,381;;;;;;;;;;;;;;;;;;;;;
1529;1.321;5;32,846;;;;;;;;;;;;;;;;;;;;;
1530;1.346;5;37,34;;;;;;;;;;;;;;;;;;;;;
1531;584;4;19,854;;;;;;;;;;;;;;;;;;;;;
1532;2.523;3;53,439;;;;;;;;;;;;;;;;;;;;;
1533;2.377;3;45,215;;;;;;;;;;;;;;;;;;;;;
1534;344;4;19,74;;;;;;;;;;;;;;;;;;;;;
1535;1.749;3;47,344;;;;;;;;;;;;;;;;;;;;;
1536;1.211;4;33,392;;;;;;;;;;;;;;;;;;;;;
1537;102;18;7,252;;;;;;;;;;;;;;;;;;;;;
1538;156;4;11,196;;;;;;;;;;;;;;;;;;;;;
1539;1.495;3;40,341;;;;;;;;;;;;;;;;;;;;;
1540;566;4;23,682;;;;;;;;;;;;;;;;;;;;;
1541;583;5;15,972;;;;;;;;;;;;;;;;;;;;;
1542;1.262;4;37,939;;;;;;;;;;;;;;;;;;;;;
1543;1.040;3;31,389;;;;;;;;;;;;;;;;;;;;;
1544;527;4;21,19;;;;;;;;;;;;;;;;;;;;;
1545;2.583;3;38,803;;;;;;;;;;;;;;;;;;;;;
1546;2.068;3;37,485;;;;;;;;;;;;;;;;;;;;;
1547;834;4;33,063;;;;;;;;;;;;;;;;;;;;;
1548;1.130;4;29,122;;;;;;;;;;;;;;;;;;;;;
1549;392;4;16,237;;;;;;;;;;;;;;;;;;;;;
1550;190;5;13,949;;;;;;;;;;;;;;;;;;;;;
1551;1.036;5;30,045;;;;;;;;;;;;;;;;;;;;;
1552;728;4;22,932;;;;;;;;;;;;;;;;;;;;;
1553;463;3;16,322;;;;;;;;;;;;;;;;;;;;;
1554;447;2;13,021;;;;;;;;;;;;;;;;;;;;;
1555;640;4;19,037;;;;;;;;;;;;;;;;;;;;;
1556;723;4;26,427;;;;;;;;;;;;;;;;;;;;;
1557;487;4;20,336;;;;;;;;;;;;;;;;;;;;;
1558;2.598;3;50,183;;;;;;;;;;;;;;;;;;;;;
1559;1.763;2;42,758;;;;;;;;;;;;;;;;;;;;;
1560;707;4;23,197;;;;;;;;;;;;;;;;;;;;;
1561;253;3;10,511;;;;;;;;;;;;;;;;;;;;;
1562;674;2;22,848;;;;;;;;;;;;;;;;;;;;;
1563;1.003;7;25,371;;;;;;;;;;;;;;;;;;;;;
1564;3.254;3;51,375;;;;;;;;;;;;;;;;;;;;;
1565;1.657;3;41,581;;;;;;;;;;;;;;;;;;;;;
1566;2.642;3;43,804;;;;;;;;;;;;;;;;;;;;;
1567;3.138;3;61,018;;;;;;;;;;;;;;;;;;;;;
1568;4.050;3;57,805;;;;;;;;;;;;;;;;;;;;;
1569;1.734;2;49,771;;;;;;;;;;;;;;;;;;;;;
1570;738;36;29,43;;;;;;;;;;;;;;;;;;;;;
1571;1.508;3;30,026;;;;;;;;;;;;;;;;;;;;;
1572;607;29;21,512;;;;;;;;;;;;;;;;;;;;;
1573;2.082;2;47,285;;;;;;;;;;;;;;;;;;;;;
1574;881;10;26,333;;;;;;;;;;;;;;;;;;;;;
1575;1.199;4;25,664;;;;;;;;;;;;;;;;;;;;;
1576;2.687;4;47,403;;;;;;;;;;;;;;;;;;;;;
1577;1.171;3;30,046;;;;;;;;;;;;;;;;;;;;;
1578;1.076;4;32,267;;;;;;;;;;;;;;;;;;;;;
1579;298;5;15,569;;;;;;;;;;;;;;;;;;;;;
1580;1.956;5;46,027;;;;;;;;;;;;;;;;;;;;;
1581;309;7;18,308;;;;;;;;;;;;;;;;;;;;;
1582;1.193;3;30,459;;;;;;;;;;;;;;;;;;;;;
1583;1.802;5;46,594;;;;;;;;;;;;;;;;;;;;;
1584;178;5;15,399;;;;;;;;;;;;;;;;;;;;;
1585;1.388;3;39,124;;;;;;;;;;;;;;;;;;;;;
1586;1.175;5;37,381;;;;;;;;;;;;;;;;;;;;;
1587;223;21;14,466;;;;;;;;;;;;;;;;;;;;;
1588;1.538;4;37,268;;;;;;;;;;;;;;;;;;;;;
1589;1.261;4;33,551;;;;;;;;;;;;;;;;;;;;;
1590;685;4;19,138;;;;;;;;;;;;;;;;;;;;;
1591;529;5;23,711;;;;;;;;;;;;;;;;;;;;;
1592;1.787;2;37,366;;;;;;;;;;;;;;;;;;;;;
1593;694;4;28,12;;;;;;;;;;;;;;;;;;;;;
1594;1.249;5;29,193;;;;;;;;;;;;;;;;;;;;;
1595;1.339;3;41,544;;;;;;;;;;;;;;;;;;;;;
1596;2.314;4;44,706;;;;;;;;;;;;;;;;;;;;;
1597;232;4;14,61;;;;;;;;;;;;;;;;;;;;;
1598;2.223;3;36,421;;;;;;;;;;;;;;;;;;;;;
1599;703;5;24,816;;;;;;;;;;;;;;;;;;;;;
1600;163;4;15,797;;;;;;;;;;;;;;;;;;;;;
1601;984;3;31,275;;;;;;;;;;;;;;;;;;;;;
1602;2.372;4;48,46;;;;;;;;;;;;;;;;;;;;;
1603;429;29;17,303;;;;;;;;;;;;;;;;;;;;;
1604;1.124;3;27,994;;;;;;;;;;;;;;;;;;;;;
1605;4.177;3;57,668;;;;;;;;;;;;;;;;;;;;;
1606;1.354;3;34,288;;;;;;;;;;;;;;;;;;;;;
1607;1.799;3;38,154;;;;;;;;;;;;;;;;;;;;;
1608;794;4;23,924;;;;;;;;;;;;;;;;;;;;;
1609;3.309;4;60,419;;;;;;;;;;;;;;;;;;;;;
1610;1.022;5;32,849;;;;;;;;;;;;;;;;;;;;;
1611;1.753;3;39,725;;;;;;;;;;;;;;;;;;;;;
1612;845;4;30,17;;;;;;;;;;;;;;;;;;;;;
1613;234;7;13,045;;;;;;;;;;;;;;;;;;;;;
1614;1.484;6;32,804;;;;;;;;;;;;;;;;;;;;;
1615;879;5;33,099;;;;;;;;;;;;;;;;;;;;;
1616;816;4;30,093;;;;;;;;;;;;;;;;;;;;;
1617;2.008;4;42,015;;;;;;;;;;;;;;;;;;;;;
1618;1.092;4;35,953;;;;;;;;;;;;;;;;;;;;;
1619;614;7;22,113;;;;;;;;;;;;;;;;;;;;;
1620;1.019;4;36,328;;;;;;;;;;;;;;;;;;;;;
1621;211;4;13,245;;;;;;;;;;;;;;;;;;;;;
1622;1.163;3;33,87;;;;;;;;;;;;;;;;;;;;;
1623;1.617;5;33,194;;;;;;;;;;;;;;;;;;;;;
1624;602;4;19,414;;;;;;;;;;;;;;;;;;;;;
1625;1.236;3;39,36;;;;;;;;;;;;;;;;;;;;;
1626;636;3;27,032;;;;;;;;;;;;;;;;;;;;;
1627;155;9;14,13;;;;;;;;;;;;;;;;;;;;;
1628;3.173;3;57,723;;;;;;;;;;;;;;;;;;;;;
1629;2.791;3;52,463;;;;;;;;;;;;;;;;;;;;;
1630;1.453;3;40,673;;;;;;;;;;;;;;;;;;;;;
1631;641;4;28,412;;;;;;;;;;;;;;;;;;;;;
1632;156;4;13,249;;;;;;;;;;;;;;;;;;;;;
1633;1.606;4;36,424;;;;;;;;;;;;;;;;;;;;;
1634;1.992;3;44,241;;;;;;;;;;;;;;;;;;;;;
1635;951;5;33,868;;;;;;;;;;;;;;;;;;;;;
1636;689;4;28,04;;;;;;;;;;;;;;;;;;;;;
1637;1.444;3;38,711;;;;;;;;;;;;;;;;;;;;;
1638;1.266;4;29,238;;;;;;;;;;;;;;;;;;;;;
1639;993;5;23,19;;;;;;;;;;;;;;;;;;;;;
1640;1.103;4;37,704;;;;;;;;;;;;;;;;;;;;;
1641;1.355;2;35,678;;;;;;;;;;;;;;;;;;;;;
1642;998;5;25,44;;;;;;;;;;;;;;;;;;;;;
1643;650;4;24,142;;;;;;;;;;;;;;;;;;;;;
1644;1.214;3;37,004;;;;;;;;;;;;;;;;;;;;;
1645;1.487;4;37,102;;;;;;;;;;;;;;;;;;;;;
1646;1.152;4;35,452;;;;;;;;;;;;;;;;;;;;;
1647;209;6;14,795;;;;;;;;;;;;;;;;;;;;;
1648;3.497;4;42,61;;;;;;;;;;;;;;;;;;;;;
1649;757;4;22,666;;;;;;;;;;;;;;;;;;;;;
1650;3.943;3;50,697;;;;;;;;;;;;;;;;;;;;;
1651;1.152;5;37,204;;;;;;;;;;;;;;;;;;;;;
1652;1.126;4;34,135;;;;;;;;;;;;;;;;;;;;;
1653;4.311;3;72,64;;;;;;;;;;;;;;;;;;;;;
1654;2.366;3;49,636;;;;;;;;;;;;;;;;;;;;;
1655;182;6;18,385;;;;;;;;;;;;;;;;;;;;;
1656;685;4;26,554;;;;;;;;;;;;;;;;;;;;;
1657;1.360;4;36,808;;;;;;;;;;;;;;;;;;;;;
1658;2.031;4;46,974;;;;;;;;;;;;;;;;;;;;;
1659;1.250;4;34,461;;;;;;;;;;;;;;;;;;;;;
1660;2.367;3;50,116;;;;;;;;;;;;;;;;;;;;;
1661;145;7;9,849;;;;;;;;;;;;;;;;;;;;;
1662;757;3;28,893;;;;;;;;;;;;;;;;;;;;;
1663;3.824;3;53,483;;;;;;;;;;;;;;;;;;;;;
1664;1.556;4;41,451;;;;;;;;;;;;;;;;;;;;;
1665;1.411;4;35,554;;;;;;;;;;;;;;;;;;;;;
1666;3.339;4;56,762;;;;;;;;;;;;;;;;;;;;;
1667;3.846;3;56,003;;;;;;;;;;;;;;;;;;;;;
1668;266;4;11,53;;;;;;;;;;;;;;;;;;;;;
1669;451;3;18,195;;;;;;;;;;;;;;;;;;;;;
1670;1.659;4;41,517;;;;;;;;;;;;;;;;;;;;;
1671;2.315;5;46,604;;;;;;;;;;;;;;;;;;;;;
1672;1.625;4;38,952;;;;;;;;;;;;;;;;;;;;;
1673;105;6;11,89;;;;;;;;;;;;;;;;;;;;;
1674;1.495;4;36,643;;;;;;;;;;;;;;;;;;;;;
1675;769;4;31,042;;;;;;;;;;;;;;;;;;;;;
1676;3.192;3;52,479;;;;;;;;;;;;;;;;;;;;;
1677;2.307;3;44,032;;;;;;;;;;;;;;;;;;;;;
1678;1.466;3;38,429;;;;;;;;;;;;;;;;;;;;;
1679;144;6;11,275;;;;;;;;;;;;;;;;;;;;;
1680;1.010;4;35,949;;;;;;;;;;;;;;;;;;;;;
1681;1.585;3;38,965;;;;;;;;;;;;;;;;;;;;;
1682;592;23;31,817;;;;;;;;;;;;;;;;;;;;;
1683;1.363;4;40,37;;;;;;;;;;;;;;;;;;;;;
1684;947;3;32,754;;;;;;;;;;;;;;;;;;;;;
1685;183;3;9,012;;;;;;;;;;;;;;;;;;;;;
1686;106;7;7,743;;;;;;;;;;;;;;;;;;;;;
1687;875;3;26,751;;;;;;;;;;;;;;;;;;;;;
1688;1.483;4;32,341;;;;;;;;;;;;;;;;;;;;;
1689;2.415;3;48,799;;;;;;;;;;;;;;;;;;;;;
1690;292;6;15,302;;;;;;;;;;;;;;;;;;;;;
1691;886;3;29,473;;;;;;;;;;;;;;;;;;;;;
1692;571;4;25,093;;;;;;;;;;;;;;;;;;;;;
1693;1.900;4;45,442;;;;;;;;;;;;;;;;;;;;;
1694;628;4;18,327;;;;;;;;;;;;;;;;;;;;;
1695;2.341;2;43,327;;;;;;;;;;;;;;;;;;;;;
1696;339;2;17,762;;;;;;;;;;;;;;;;;;;;;
1697;505;3;24,564;;;;;;;;;;;;;;;;;;;;;
1698;1.346;4;34,09;;;;;;;;;;;;;;;;;;;;;
1699;855;3;23,37;;;;;;;;;;;;;;;;;;;;;
1700;509;4;18,462;;;;;;;;;;;;;;;;;;;;;
1701;3.972;1;55,8;;;;;;;;;;;;;;;;;;;;;
1702;432;5;23,128;;;;;;;;;;;;;;;;;;;;;
1703;1.437;4;38,845;;;;;;;;;;;;;;;;;;;;;
1704;1.961;3;41,903;;;;;;;;;;;;;;;;;;;;;
1705;2.277;4;42,128;;;;;;;;;;;;;;;;;;;;;
1706;2.801;3;57,111;;;;;;;;;;;;;;;;;;;;;
1707;541;5;20,887;;;;;;;;;;;;;;;;;;;;;
1708;1.511;4;38,476;;;;;;;;;;;;;;;;;;;;;
1709;2.313;4;51,765;;;;;;;;;;;;;;;;;;;;;
1710;596;3;22,961;;;;;;;;;;;;;;;;;;;;;
1711;280;19;14,569;;;;;;;;;;;;;;;;;;;;;
1712;1.620;3;37,461;;;;;;;;;;;;;;;;;;;;;
1713;545;4;21,909;;;;;;;;;;;;;;;;;;;;;
1714;2.400;3;44,38;;;;;;;;;;;;;;;;;;;;;
1715;753;3;22,154;;;;;;;;;;;;;;;;;;;;;
1716;912;4;26,234;;;;;;;;;;;;;;;;;;;;;
1717;1.116;3;32,629;;;;;;;;;;;;;;;;;;;;;
1718;5.043;3;64,55;;;;;;;;;;;;;;;;;;;;;
1719;1.194;4;33,559;;;;;;;;;;;;;;;;;;;;;
1720;674;4;27,735;;;;;;;;;;;;;;;;;;;;;
1721;3.442;3;59,157;;;;;;;;;;;;;;;;;;;;;
1722;570;3;24,042;;;;;;;;;;;;;;;;;;;;;
1723;3.581;3;58,254;;;;;;;;;;;;;;;;;;;;;
1724;1.263;4;32,395;;;;;;;;;;;;;;;;;;;;;
1725;1.245;4;31,056;;;;;;;;;;;;;;;;;;;;;
1726;1.171;4;30,114;;;;;;;;;;;;;;;;;;;;;
1727;926;4;33,017;;;;;;;;;;;;;;;;;;;;;
1728;865;3;31,857;;;;;;;;;;;;;;;;;;;;;
1729;564;6;25,543;;;;;;;;;;;;;;;;;;;;;
1730;1.122;3;32,714;;;;;;;;;;;;;;;;;;;;;
1731;980;4;29,397;;;;;;;;;;;;;;;;;;;;;
1732;719;6;23,411;;;;;;;;;;;;;;;;;;;;;
1733;3.813;3;66,791;;;;;;;;;;;;;;;;;;;;;
1734;1.169;3;34,769;;;;;;;;;;;;;;;;;;;;;
1735;2.142;4;36,842;;;;;;;;;;;;;;;;;;;;;
1736;1.512;2;40,461;;;;;;;;;;;;;;;;;;;;;
1737;1.052;3;28,311;;;;;;;;;;;;;;;;;;;;;
1738;140;6;11,877;;;;;;;;;;;;;;;;;;;;;
1739;838;3;18,283;;;;;;;;;;;;;;;;;;;;;
1740;1.094;3;35,282;;;;;;;;;;;;;;;;;;;;;
1741;1.533;4;41,347;;;;;;;;;;;;;;;;;;;;;
1742;587;4;22,871;;;;;;;;;;;;;;;;;;;;;
1743;1.573;3;38,814;;;;;;;;;;;;;;;;;;;;;
1744;2.038;4;34,302;;;;;;;;;;;;;;;;;;;;;
1745;997;3;34,03;;;;;;;;;;;;;;;;;;;;;
1746;365;5;16,731;;;;;;;;;;;;;;;;;;;;;
1747;1.094;3;30,782;;;;;;;;;;;;;;;;;;;;;
1748;1.353;4;30,823;;;;;;;;;;;;;;;;;;;;;
1749;1.120;4;41,142;;;;;;;;;;;;;;;;;;;;;
1750;1.080;4;26,332;;;;;;;;;;;;;;;;;;;;;
1751;2.812;3;53,435;;;;;;;;;;;;;;;;;;;;;
1752;1.339;4;38,316;;;;;;;;;;;;;;;;;;;;;
1753;969;3;30,769;;;;;;;;;;;;;;;;;;;;;
1754;810;3;27,233;;;;;;;;;;;;;;;;;;;;;
1755;131;3;11,314;;;;;;;;;;;;;;;;;;;;;
1756;1.380;4;32,946;;;;;;;;;;;;;;;;;;;;;
1757;901;4;30,926;;;;;;;;;;;;;;;;;;;;;
1758;826;3;28,371;;;;;;;;;;;;;;;;;;;;;
1759;1.053;3;23,083;;;;;;;;;;;;;;;;;;;;;
1760;1.517;3;37,918;;;;;;;;;;;;;;;;;;;;;
1761;901;3;28,308;;;;;;;;;;;;;;;;;;;;;
1762;1.645;2;38,307;;;;;;;;;;;;;;;;;;;;;
1763;2.497;3;54,395;;;;;;;;;;;;;;;;;;;;;
1764;511;2;20,781;;;;;;;;;;;;;;;;;;;;;
1765;829;4;27,109;;;;;;;;;;;;;;;;;;;;;
1766;705;6;23,788;;;;;;;;;;;;;;;;;;;;;
1767;1.566;4;39,012;;;;;;;;;;;;;;;;;;;;;
1768;1.819;4;32,411;;;;;;;;;;;;;;;;;;;;;
1769;1.530;4;31,655;;;;;;;;;;;;;;;;;;;;;
1770;2.576;4;44,593;;;;;;;;;;;;;;;;;;;;;
1771;1.354;2;36,146;;;;;;;;;;;;;;;;;;;;;
1772;547;3;22,36;;;;;;;;;;;;;;;;;;;;;
1773;1.095;2;29,399;;;;;;;;;;;;;;;;;;;;;
1774;1.055;3;36,008;;;;;;;;;;;;;;;;;;;;;
1775;534;3;23,937;;;;;;;;;;;;;;;;;;;;;
1776;582;3;21,017;;;;;;;;;;;;;;;;;;;;;
1777;1.524;3;40,855;;;;;;;;;;;;;;;;;;;;;
1778;373;3;20,513;;;;;;;;;;;;;;;;;;;;;
1779;951;4;28,155;;;;;;;;;;;;;;;;;;;;;
1780;2.142;5;50,5;;;;;;;;;;;;;;;;;;;;;
1781;1.683;3;41,921;;;;;;;;;;;;;;;;;;;;;
1782;856;3;28,241;;;;;;;;;;;;;;;;;;;;;
1783;1.029;3;33,568;;;;;;;;;;;;;;;;;;;;;
1784;312;3;14,359;;;;;;;;;;;;;;;;;;;;;
1785;505;5;19,887;;;;;;;;;;;;;;;;;;;;;
1786;498;5;20,807;;;;;;;;;;;;;;;;;;;;;
1787;1.423;3;40,661;;;;;;;;;;;;;;;;;;;;;
1788;1.317;4;26,538;;;;;;;;;;;;;;;;;;;;;
1789;1.317;35;27,888;;;;;;;;;;;;;;;;;;;;;
1790;440;5;18,469;;;;;;;;;;;;;;;;;;;;;
1791;602;4;23,96;;;;;;;;;;;;;;;;;;;;;
1792;1.080;3;31,375;;;;;;;;;;;;;;;;;;;;;
1793;3.515;3;51,239;;;;;;;;;;;;;;;;;;;;;
1794;434;5;19,304;;;;;;;;;;;;;;;;;;;;;
1795;1.913;2;46,159;;;;;;;;;;;;;;;;;;;;;
1796;965;3;30,665;;;;;;;;;;;;;;;;;;;;;
1797;529;6;26,206;;;;;;;;;;;;;;;;;;;;;
1798;3.554;2;50,971;;;;;;;;;;;;;;;;;;;;;
1799;2.003;3;46,907;;;;;;;;;;;;;;;;;;;;;
1800;755;3;22,692;;;;;;;;;;;;;;;;;;;;;
1801;889;2;24,205;;;;;;;;;;;;;;;;;;;;;
1802;1.683;2;43,683;;;;;;;;;;;;;;;;;;;;;
1803;3.030;3;56,83;;;;;;;;;;;;;;;;;;;;;
1804;2.954;4;60,866;;;;;;;;;;;;;;;;;;;;;
1805;1.323;2;29,538;;;;;;;;;;;;;;;;;;;;;
1806;883;3;32,249;;;;;;;;;;;;;;;;;;;;;
1807;805;2;26,532;;;;;;;;;;;;;;;;;;;;;
1808;3.018;26;51,026;;;;;;;;;;;;;;;;;;;;;
1809;1.548;3;37,658;;;;;;;;;;;;;;;;;;;;;
1810;1.199;4;33,814;;;;;;;;;;;;;;;;;;;;;
1811;786;5;25,261;;;;;;;;;;;;;;;;;;;;;
1812;1.054;4;30,704;;;;;;;;;;;;;;;;;;;;;
1813;1.853;4;46,026;;;;;;;;;;;;;;;;;;;;;
1814;4.257;2;64,943;;;;;;;;;;;;;;;;;;;;;
1815;1.218;2;26,475;;;;;;;;;;;;;;;;;;;;;
1816;566;2;25,186;;;;;;;;;;;;;;;;;;;;;
1817;853;6;29,134;;;;;;;;;;;;;;;;;;;;;
1818;658;3;19,898;;;;;;;;;;;;;;;;;;;;;
1819;1.538;4;35,992;;;;;;;;;;;;;;;;;;;;;
1820;1.576;8;29,905;;;;;;;;;;;;;;;;;;;;;
1821;382;4;20,168;;;;;;;;;;;;;;;;;;;;;
1822;1.757;2;42,121;;;;;;;;;;;;;;;;;;;;;
1823;716;3;26,706;;;;;;;;;;;;;;;;;;;;;
1824;1.912;2;42,382;;;;;;;;;;;;;;;;;;;;;
1825;1.765;8;43,748;;;;;;;;;;;;;;;;;;;;;
1826;1.091;3;30,646;;;;;;;;;;;;;;;;;;;;;
1827;939;2;28,037;;;;;;;;;;;;;;;;;;;;;
1828;314;4;18,599;;;;;;;;;;;;;;;;;;;;;
1829;1.174;3;25,518;;;;;;;;;;;;;;;;;;;;;
1830;1.994;3;49,707;;;;;;;;;;;;;;;;;;;;;
1831;2.361;2;51,305;;;;;;;;;;;;;;;;;;;;;
1832;1.321;32;34,085;;;;;;;;;;;;;;;;;;;;;
1833;2.548;3;52,324;;;;;;;;;;;;;;;;;;;;;
1834;359;29;16,695;;;;;;;;;;;;;;;;;;;;;
1835;386;2;19,364;;;;;;;;;;;;;;;;;;;;;
1836;2.252;3;39,219;;;;;;;;;;;;;;;;;;;;;
1837;1.257;3;30,47;;;;;;;;;;;;;;;;;;;;;
1838;1.411;2;31,052;;;;;;;;;;;;;;;;;;;;;
1839;205;35;13,644;;;;;;;;;;;;;;;;;;;;;
1840;966;3;27,258;;;;;;;;;;;;;;;;;;;;;
1841;463;7;17,307;;;;;;;;;;;;;;;;;;;;;
1842;497;2;24,285;;;;;;;;;;;;;;;;;;;;;
1843;1.634;2;40,827;;;;;;;;;;;;;;;;;;;;;
1844;959;6;25,533;;;;;;;;;;;;;;;;;;;;;
1845;4.382;1;66,503;;;;;;;;;;;;;;;;;;;;;
1846;672;3;27,973;;;;;;;;;;;;;;;;;;;;;
1847;1.913;4;38,168;;;;;;;;;;;;;;;;;;;;;
1848;3.511;2;59,063;;;;;;;;;;;;;;;;;;;;;
1849;830;2;24,205;;;;;;;;;;;;;;;;;;;;;
1850;157;3;12,289;;;;;;;;;;;;;;;;;;;;;
1851;1.807;3;40,083;;;;;;;;;;;;;;;;;;;;;
1852;1.549;5;40,995;;;;;;;;;;;;;;;;;;;;;
1853;534;4;23,861;;;;;;;;;;;;;;;;;;;;;
1854;348;3;19,778;;;;;;;;;;;;;;;;;;;;;
1855;2.376;3;42,366;;;;;;;;;;;;;;;;;;;;;
1856;817;3;26,493;;;;;;;;;;;;;;;;;;;;;
1857;907;2;23,961;;;;;;;;;;;;;;;;;;;;;
1858;447;36;16,404;;;;;;;;;;;;;;;;;;;;;
1859;1.873;3;47,753;;;;;;;;;;;;;;;;;;;;;
1860;2.632;4;58,776;;;;;;;;;;;;;;;;;;;;;
1861;1.369;4;33,571;;;;;;;;;;;;;;;;;;;;;
1862;427;4;18,639;;;;;;;;;;;;;;;;;;;;;
1863;2.112;3;37,123;;;;;;;;;;;;;;;;;;;;;
1864;642;3;17,749;;;;;;;;;;;;;;;;;;;;;
1865;1.300;3;27,803;;;;;;;;;;;;;;;;;;;;;
1866;1.995;2;44,767;;;;;;;;;;;;;;;;;;;;;
1867;869;2;32,526;;;;;;;;;;;;;;;;;;;;;
1868;647;8;27,875;;;;;;;;;;;;;;;;;;;;;
1869;917;34;32,886;;;;;;;;;;;;;;;;;;;;;
1870;1.481;2;31,844;;;;;;;;;;;;;;;;;;;;;
1871;4.087;3;62,773;;;;;;;;;;;;;;;;;;;;;
1872;258;6;16,455;;;;;;;;;;;;;;;;;;;;;
1873;3.051;2;60,92;;;;;;;;;;;;;;;;;;;;;
1874;2.840;3;60,202;;;;;;;;;;;;;;;;;;;;;
1875;2.927;20;59,358;;;;;;;;;;;;;;;;;;;;;
1876;712;2;30,363;;;;;;;;;;;;;;;;;;;;;
1877;749;38;24,917;;;;;;;;;;;;;;;;;;;;;
1878;953;3;28,573;;;;;;;;;;;;;;;;;;;;;
1879;595;4;20,017;;;;;;;;;;;;;;;;;;;;;
1880;3.111;2;46,153;;;;;;;;;;;;;;;;;;;;;
1881;764;2;19,557;;;;;;;;;;;;;;;;;;;;;
1882;3.698;9;45,622;;;;;;;;;;;;;;;;;;;;;
1883;155;3;13,713;;;;;;;;;;;;;;;;;;;;;
1884;2.227;2;47,455;;;;;;;;;;;;;;;;;;;;;
1885;172;4;12,984;;;;;;;;;;;;;;;;;;;;;
1886;3.421;3;53,898;;;;;;;;;;;;;;;;;;;;;
1887;307;3;14,965;;;;;;;;;;;;;;;;;;;;;
1888;870;3;28,181;;;;;;;;;;;;;;;;;;;;;
1889;660;3;18,562;;;;;;;;;;;;;;;;;;;;;
1890;972;3;31,148;;;;;;;;;;;;;;;;;;;;;
1891;423;2;16,767;;;;;;;;;;;;;;;;;;;;;
1892;1.669;3;43,244;;;;;;;;;;;;;;;;;;;;;
1893;2.069;2;53,466;;;;;;;;;;;;;;;;;;;;;
1894;212;3;11,87;;;;;;;;;;;;;;;;;;;;;
1895;1.570;3;38,363;;;;;;;;;;;;;;;;;;;;;
1896;2.830;2;52,164;;;;;;;;;;;;;;;;;;;;;
1897;1.217;2;36,144;;;;;;;;;;;;;;;;;;;;;
1898;1.584;3;42,717;;;;;;;;;;;;;;;;;;;;;
1899;412;3;17,978;;;;;;;;;;;;;;;;;;;;;
1900;679;3;25,484;;;;;;;;;;;;;;;;;;;;;
1901;1.457;3;37,376;;;;;;;;;;;;;;;;;;;;;
1902;319;3;14,476;;;;;;;;;;;;;;;;;;;;;
1903;2.009;4;33,864;;;;;;;;;;;;;;;;;;;;;
1904;1.218;3;30,548;;;;;;;;;;;;;;;;;;;;;
1905;865;3;29,908;;;;;;;;;;;;;;;;;;;;;
1906;733;4;22,564;;;;;;;;;;;;;;;;;;;;;
1907;2.595;2;56,205;;;;;;;;;;;;;;;;;;;;;
1908;1.012;2;34,428;;;;;;;;;;;;;;;;;;;;;
1909;1.974;2;43,611;;;;;;;;;;;;;;;;;;;;;
1910;957;3;33,308;;;;;;;;;;;;;;;;;;;;;
1911;1.047;6;27,828;;;;;;;;;;;;;;;;;;;;;
1912;1.993;3;44,369;;;;;;;;;;;;;;;;;;;;;
1913;182;3;14,105;;;;;;;;;;;;;;;;;;;;;
1914;1.726;2;40,412;;;;;;;;;;;;;;;;;;;;;
1915;818;4;26,835;;;;;;;;;;;;;;;;;;;;;
1916;1.876;4;35,777;;;;;;;;;;;;;;;;;;;;;
1917;150;4;9,523;;;;;;;;;;;;;;;;;;;;;
1918;321;3;17,641;;;;;;;;;;;;;;;;;;;;;
1919;1.775;3;47,675;;;;;;;;;;;;;;;;;;;;;
1920;311;4;18,957;;;;;;;;;;;;;;;;;;;;;
1921;1.015;3;25,776;;;;;;;;;;;;;;;;;;;;;
1922;1.055;3;33,266;;;;;;;;;;;;;;;;;;;;;
1923;236;4;11,212;;;;;;;;;;;;;;;;;;;;;
1924;107;4;11,259;;;;;;;;;;;;;;;;;;;;;
1925;510;5;21,177;;;;;;;;;;;;;;;;;;;;;
1926;2.952;2;47,313;;;;;;;;;;;;;;;;;;;;;
1927;909;3;33,695;;;;;;;;;;;;;;;;;;;;;
1928;1.524;2;40,516;;;;;;;;;;;;;;;;;;;;;
1929;1.016;3;33,681;;;;;;;;;;;;;;;;;;;;;
1930;550;3;21,628;;;;;;;;;;;;;;;;;;;;;
1931;2.222;3;46,873;;;;;;;;;;;;;;;;;;;;;
1932;213;4;15,965;;;;;;;;;;;;;;;;;;;;;
1933;1.125;2;28,163;;;;;;;;;;;;;;;;;;;;;
1934;266;6;16,254;;;;;;;;;;;;;;;;;;;;;
1935;1.581;2;39,136;;;;;;;;;;;;;;;;;;;;;
1936;326;2;16,804;;;;;;;;;;;;;;;;;;;;;
1937;1.472;4;30,924;;;;;;;;;;;;;;;;;;;;;
1938;991;3;36,923;;;;;;;;;;;;;;;;;;;;;
1939;935;2;26,118;;;;;;;;;;;;;;;;;;;;;
1940;3.821;2;63,929;;;;;;;;;;;;;;;;;;;;;
1941;2.432;2;37,615;;;;;;;;;;;;;;;;;;;;;
1942;1.434;2;41,033;;;;;;;;;;;;;;;;;;;;;
1943;1.245;3;32,471;;;;;;;;;;;;;;;;;;;;;
1944;298;4;17,86;;;;;;;;;;;;;;;;;;;;;
1945;867;3;25,331;;;;;;;;;;;;;;;;;;;;;
1946;1.388;3;34,236;;;;;;;;;;;;;;;;;;;;;
1947;1.397;2;36,947;;;;;;;;;;;;;;;;;;;;;
1948;707;3;26,656;;;;;;;;;;;;;;;;;;;;;
1949;758;3;25,797;;;;;;;;;;;;;;;;;;;;;
1950;721;3;22,288;;;;;;;;;;;;;;;;;;;;;
1951;937;3;24,438;;;;;;;;;;;;;;;;;;;;;
1952;794;3;28,682;;;;;;;;;;;;;;;;;;;;;
1953;2.173;2;39,489;;;;;;;;;;;;;;;;;;;;;
1954;1.793;2;42,668;;;;;;;;;;;;;;;;;;;;;
1955;1.327;3;34,674;;;;;;;;;;;;;;;;;;;;;
1956;2.707;3;53,897;;;;;;;;;;;;;;;;;;;;;
1957;1.329;3;40,672;;;;;;;;;;;;;;;;;;;;;
1958;569;9;18,587;;;;;;;;;;;;;;;;;;;;;
1959;1.948;3;44,245;;;;;;;;;;;;;;;;;;;;;
1960;1.536;3;34,898;;;;;;;;;;;;;;;;;;;;;
1961;1.030;2;30,51;;;;;;;;;;;;;;;;;;;;;
1962;1.409;3;42,237;;;;;;;;;;;;;;;;;;;;;
1963;2.344;2;35,941;;;;;;;;;;;;;;;;;;;;;
1964;197;2;11,747;;;;;;;;;;;;;;;;;;;;;
1965;685;3;29,607;;;;;;;;;;;;;;;;;;;;;
1966;941;2;26,436;;;;;;;;;;;;;;;;;;;;;
1967;1.515;3;29,978;;;;;;;;;;;;;;;;;;;;;
1968;1.461;3;35,404;;;;;;;;;;;;;;;;;;;;;
1969;345;4;17,18;;;;;;;;;;;;;;;;;;;;;
1970;1.157;3;37,124;;;;;;;;;;;;;;;;;;;;;
1971;1.249;3;37,274;;;;;;;;;;;;;;;;;;;;;
1972;1.302;2;30,691;;;;;;;;;;;;;;;;;;;;;
1973;861;2;29,297;;;;;;;;;;;;;;;;;;;;;
1974;2.527;3;49,218;;;;;;;;;;;;;;;;;;;;;
1975;114;36;12,987;;;;;;;;;;;;;;;;;;;;;
1976;831;2;25,274;;;;;;;;;;;;;;;;;;;;;
1977;439;3;20,887;;;;;;;;;;;;;;;;;;;;;
1978;1.063;4;22,243;;;;;;;;;;;;;;;;;;;;;
1979;931;3;25,026;;;;;;;;;;;;;;;;;;;;;
1980;1.747;2;46,976;;;;;;;;;;;;;;;;;;;;;
1981;2.088;2;46,047;;;;;;;;;;;;;;;;;;;;;
1982;3.598;2;60,002;;;;;;;;;;;;;;;;;;;;;
1983;1.745;3;34,192;;;;;;;;;;;;;;;;;;;;;
1984;124;6;9,666;;;;;;;;;;;;;;;;;;;;;
1985;685;3;17,888;;;;;;;;;;;;;;;;;;;;;
1986;1.483;3;33,688;;;;;;;;;;;;;;;;;;;;;
1987;2.069;2;51,49;;;;;;;;;;;;;;;;;;;;;
1988;1.205;3;33,04;;;;;;;;;;;;;;;;;;;;;
1989;363;4;21,833;;;;;;;;;;;;;;;;;;;;;
1990;165;4;13,596;;;;;;;;;;;;;;;;;;;;;
1991;1.071;2;31,692;;;;;;;;;;;;;;;;;;;;;
1992;3.241;1;61,689;;;;;;;;;;;;;;;;;;;;;
1993;186;9;14,491;;;;;;;;;;;;;;;;;;;;;
1994;2.624;2;48,969;;;;;;;;;;;;;;;;;;;;;
1995;2.200;3;46,998;;;;;;;;;;;;;;;;;;;;;
1996;967;3;34,872;;;;;;;;;;;;;;;;;;;;;
1997;1.109;3;31,008;;;;;;;;;;;;;;;;;;;;;
1998;735;2;28,901;;;;;;;;;;;;;;;;;;;;;
1999;1.487;2;36,724;;;;;;;;;;;;;;;;;;;;;
2000;143;4;11,425;;;;;;;;;;;;;;;;;;;;;
2001;778;2;23,476;;;;;;;;;;;;;;;;;;;;;
2002;674;6;26,904;;;;;;;;;;;;;;;;;;;;;
2003;1.030;3;26,199;;;;;;;;;;;;;;;;;;;;;
2004;1.044;4;29,639;;;;;;;;;;;;;;;;;;;;;
2005;856;2;26,346;;;;;;;;;;;;;;;;;;;;;
2006;290;4;11,497;;;;;;;;;;;;;;;;;;;;;
2007;695;2;27,322;;;;;;;;;;;;;;;;;;;;;
2008;377;3;18,467;;;;;;;;;;;;;;;;;;;;;
2009;1.078;3;26,738;;;;;;;;;;;;;;;;;;;;;
2010;2.507;3;35,465;;;;;;;;;;;;;;;;;;;;;
2011;862;3;31,8;;;;;;;;;;;;;;;;;;;;;
2012;530;3;20,513;;;;;;;;;;;;;;;;;;;;;
2013;933;3;33,231;;;;;;;;;;;;;;;;;;;;;
2014;3.242;2;59,356;;;;;;;;;;;;;;;;;;;;;
2015;3.276;1;58,131;;;;;;;;;;;;;;;;;;;;;
2016;1.149;3;33,559;;;;;;;;;;;;;;;;;;;;;
2017;1.496;3;35,225;;;;;;;;;;;;;;;;;;;;;
2018;580;3;20,888;;;;;;;;;;;;;;;;;;;;;
2019;721;3;23,832;;;;;;;;;;;;;;;;;;;;;
2020;965;2;28,596;;;;;;;;;;;;;;;;;;;;;
2021;1.757;3;45,809;;;;;;;;;;;;;;;;;;;;;
2022;1.104;4;36,497;;;;;;;;;;;;;;;;;;;;;
2023;1.110;2;27,461;;;;;;;;;;;;;;;;;;;;;
2024;648;2;26,806;;;;;;;;;;;;;;;;;;;;;
2025;947;3;27,472;;;;;;;;;;;;;;;;;;;;;
2026;3.133;2;50,689;;;;;;;;;;;;;;;;;;;;;
2027;911;2;30,62;;;;;;;;;;;;;;;;;;;;;
2028;382;2;17,744;;;;;;;;;;;;;;;;;;;;;
2029;636;3;27,454;;;;;;;;;;;;;;;;;;;;;
2030;743;2;23,385;;;;;;;;;;;;;;;;;;;;;
2031;223;2;11,187;;;;;;;;;;;;;;;;;;;;;
2032;1.241;3;28,071;;;;;;;;;;;;;;;;;;;;;
2033;713;2;25,122;;;;;;;;;;;;;;;;;;;;;
2034;1.067;2;34,195;;;;;;;;;;;;;;;;;;;;;
2035;609;2;27,559;;;;;;;;;;;;;;;;;;;;;
2036;857;3;29,508;;;;;;;;;;;;;;;;;;;;;
2037;716;2;22,839;;;;;;;;;;;;;;;;;;;;;
2038;1.586;4;39,683;;;;;;;;;;;;;;;;;;;;;
2039;1.814;4;32,558;;;;;;;;;;;;;;;;;;;;;
2040;870;3;31,397;;;;;;;;;;;;;;;;;;;;;
2041;791;3;29,318;;;;;;;;;;;;;;;;;;;;;
2042;1.262;3;27,677;;;;;;;;;;;;;;;;;;;;;
2043;949;2;32,42;;;;;;;;;;;;;;;;;;;;;
2044;1.688;2;34,051;;;;;;;;;;;;;;;;;;;;;
2045;468;5;22,105;;;;;;;;;;;;;;;;;;;;;
2046;723;3;22,985;;;;;;;;;;;;;;;;;;;;;
2047;1.668;2;46,834;;;;;;;;;;;;;;;;;;;;;
2048;2.115;2;46,565;;;;;;;;;;;;;;;;;;;;;
2049;1.874;3;48,493;;;;;;;;;;;;;;;;;;;;;
2050;1.840;2;47,484;;;;;;;;;;;;;;;;;;;;;
2051;1.222;4;33,448;;;;;;;;;;;;;;;;;;;;;
2052;831;2;23,896;;;;;;;;;;;;;;;;;;;;;
2053;3.004;2;56,372;;;;;;;;;;;;;;;;;;;;;
2054;1.443;3;34,128;;;;;;;;;;;;;;;;;;;;;
2055;654;4;23,339;;;;;;;;;;;;;;;;;;;;;
2056;3.623;2;52,333;;;;;;;;;;;;;;;;;;;;;
2057;739;3;26,744;;;;;;;;;;;;;;;;;;;;;
2058;3.864;2;55,537;;;;;;;;;;;;;;;;;;;;;
2059;238;5;11,912;;;;;;;;;;;;;;;;;;;;;
2060;825;2;32,299;;;;;;;;;;;;;;;;;;;;;
2061;2.652;2;54,474;;;;;;;;;;;;;;;;;;;;;
2062;314;4;14,102;;;;;;;;;;;;;;;;;;;;;
2063;1.694;2;37,375;;;;;;;;;;;;;;;;;;;;;
2064;1.504;3;34,26;;;;;;;;;;;;;;;;;;;;;
2065;325;2;9,786;;;;;;;;;;;;;;;;;;;;;
2066;1.310;2;39,048;;;;;;;;;;;;;;;;;;;;;
2067;2.486;3;46,346;;;;;;;;;;;;;;;;;;;;;
2068;328;2;20,715;;;;;;;;;;;;;;;;;;;;;
2069;179;5;15,499;;;;;;;;;;;;;;;;;;;;;
2070;555;6;17,55;;;;;;;;;;;;;;;;;;;;;
2071;196;4;14,996;;;;;;;;;;;;;;;;;;;;;
2072;1.115;2;28,128;;;;;;;;;;;;;;;;;;;;;
2073;1.228;2;33,898;;;;;;;;;;;;;;;;;;;;;
2074;3.257;1;58,351;;;;;;;;;;;;;;;;;;;;;
2075;1.118;1;30,287;;;;;;;;;;;;;;;;;;;;;
2076;856;3;28,69;;;;;;;;;;;;;;;;;;;;;
2077;1.043;2;32,274;;;;;;;;;;;;;;;;;;;;;
2078;121;2;9,303;;;;;;;;;;;;;;;;;;;;;
2079;667;30;26,603;;;;;;;;;;;;;;;;;;;;;
2080;2.748;1;54,422;;;;;;;;;;;;;;;;;;;;;
2081;795;3;32,888;;;;;;;;;;;;;;;;;;;;;
2082;5.121;1;80,11;;;;;;;;;;;;;;;;;;;;;
2083;1.727;3;46,228;;;;;;;;;;;;;;;;;;;;;
2084;946;3;28,005;;;;;;;;;;;;;;;;;;;;;
2085;585;3;20,467;;;;;;;;;;;;;;;;;;;;;
2086;318;9;12,433;;;;;;;;;;;;;;;;;;;;;
2087;932;6;23,554;;;;;;;;;;;;;;;;;;;;;
2088;2.266;2;49,198;;;;;;;;;;;;;;;;;;;;;
2089;552;3;22,383;;;;;;;;;;;;;;;;;;;;;
2090;823;3;33,631;;;;;;;;;;;;;;;;;;;;;
2091;526;3;22,505;;;;;;;;;;;;;;;;;;;;;
2092;1.465;3;32,459;;;;;;;;;;;;;;;;;;;;;
2093;1.095;4;26,667;;;;;;;;;;;;;;;;;;;;;
2094;947;3;29,532;;;;;;;;;;;;;;;;;;;;;
2095;687;2;25,892;;;;;;;;;;;;;;;;;;;;;
2096;1.098;4;35,332;;;;;;;;;;;;;;;;;;;;;
2097;638;5;26,814;;;;;;;;;;;;;;;;;;;;;
2098;2.300;2;43,467;;;;;;;;;;;;;;;;;;;;;
2099;361;5;17,346;;;;;;;;;;;;;;;;;;;;;
2100;1.384;2;39,453;;;;;;;;;;;;;;;;;;;;;
2101;121;4;12,632;;;;;;;;;;;;;;;;;;;;;
2102;1.989;2;41,407;;;;;;;;;;;;;;;;;;;;;
2103;1.067;2;25,267;;;;;;;;;;;;;;;;;;;;;
2104;1.164;3;34,768;;;;;;;;;;;;;;;;;;;;;
2105;1.427;2;34,306;;;;;;;;;;;;;;;;;;;;;
2106;1.754;2;46,556;;;;;;;;;;;;;;;;;;;;;
2107;1.704;2;36,824;;;;;;;;;;;;;;;;;;;;;
2108;826;3;27,733;;;;;;;;;;;;;;;;;;;;;
2109;167;10;12,622;;;;;;;;;;;;;;;;;;;;;
2110;718;2;28,714;;;;;;;;;;;;;;;;;;;;;
2111;2.932;2;51,881;;;;;;;;;;;;;;;;;;;;;
2112;2.309;2;53,054;;;;;;;;;;;;;;;;;;;;;
2113;1.980;3;46,464;;;;;;;;;;;;;;;;;;;;;
2114;462;3;21,432;;;;;;;;;;;;;;;;;;;;;
2115;177;3;12,57;;;;;;;;;;;;;;;;;;;;;
2116;5.041;1;59,163;;;;;;;;;;;;;;;;;;;;;
2117;833;2;31,191;;;;;;;;;;;;;;;;;;;;;
2118;1.483;2;37,975;;;;;;;;;;;;;;;;;;;;;
2119;702;5;17,063;;;;;;;;;;;;;;;;;;;;;
2120;801;2;26,856;;;;;;;;;;;;;;;;;;;;;
2121;1.728;2;50,244;;;;;;;;;;;;;;;;;;;;;
2122;1.845;3;40,489;;;;;;;;;;;;;;;;;;;;;
2123;1.553;3;33;;;;;;;;;;;;;;;;;;;;;
2124;2.064;3;45,123;;;;;;;;;;;;;;;;;;;;;
2125;3.499;1;54,247;;;;;;;;;;;;;;;;;;;;;
2126;678;2;25,476;;;;;;;;;;;;;;;;;;;;;
2127;1.512;2;39,652;;;;;;;;;;;;;;;;;;;;;
2128;1.674;2;35,196;;;;;;;;;;;;;;;;;;;;;
2129;1.401;2;35,482;;;;;;;;;;;;;;;;;;;;;
2130;1.484;3;32,169;;;;;;;;;;;;;;;;;;;;;
2131;2.109;2;52,561;;;;;;;;;;;;;;;;;;;;;
2132;1.275;3;29,197;;;;;;;;;;;;;;;;;;;;;
2133;1.197;4;37,544;;;;;;;;;;;;;;;;;;;;;
2134;1.087;2;36,268;;;;;;;;;;;;;;;;;;;;;
2135;1.554;2;29,743;;;;;;;;;;;;;;;;;;;;;
2136;1.068;2;34,488;;;;;;;;;;;;;;;;;;;;;
2137;854;4;22,138;;;;;;;;;;;;;;;;;;;;;
2138;1.266;2;36,24;;;;;;;;;;;;;;;;;;;;;
2139;1.694;3;41,745;;;;;;;;;;;;;;;;;;;;;
2140;1.887;3;41,912;;;;;;;;;;;;;;;;;;;;;
2141;1.840;2;39,251;;;;;;;;;;;;;;;;;;;;;
2142;702;3;25,136;;;;;;;;;;;;;;;;;;;;;
2143;1.950;4;49,003;;;;;;;;;;;;;;;;;;;;;
2144;949;3;28,438;;;;;;;;;;;;;;;;;;;;;
2145;705;3;20,083;;;;;;;;;;;;;;;;;;;;;
2146;781;2;25,094;;;;;;;;;;;;;;;;;;;;;
2147;1.508;3;38,974;;;;;;;;;;;;;;;;;;;;;
2148;2.471;3;51,151;;;;;;;;;;;;;;;;;;;;;
2149;409;2;23,156;;;;;;;;;;;;;;;;;;;;;
2150;2.142;1;37,744;;;;;;;;;;;;;;;;;;;;;
2151;724;5;23,827;;;;;;;;;;;;;;;;;;;;;
2152;573;4;21,27;;;;;;;;;;;;;;;;;;;;;
2153;915;2;31,861;;;;;;;;;;;;;;;;;;;;;
2154;987;2;25,829;;;;;;;;;;;;;;;;;;;;;
2155;3.442;2;53,099;;;;;;;;;;;;;;;;;;;;;
2156;2.768;3;47,491;;;;;;;;;;;;;;;;;;;;;
2157;2.217;1;43,871;;;;;;;;;;;;;;;;;;;;;
2158;750;1;28,989;;;;;;;;;;;;;;;;;;;;;
2159;458;3;16,147;;;;;;;;;;;;;;;;;;;;;
2160;743;2;21,191;;;;;;;;;;;;;;;;;;;;;
2161;1.612;2;35,551;;;;;;;;;;;;;;;;;;;;;
2162;2.303;2;53,512;;;;;;;;;;;;;;;;;;;;;
2163;276;4;15,181;;;;;;;;;;;;;;;;;;;;;
2164;2.988;2;54,523;;;;;;;;;;;;;;;;;;;;;
2165;605;2;19,141;;;;;;;;;;;;;;;;;;;;;
2166;1.736;3;39,195;;;;;;;;;;;;;;;;;;;;;
2167;1.652;2;32,278;;;;;;;;;;;;;;;;;;;;;
2168;671;2;24,399;;;;;;;;;;;;;;;;;;;;;
2169;1.130;2;32,044;;;;;;;;;;;;;;;;;;;;;
2170;654;4;26,14;;;;;;;;;;;;;;;;;;;;;
2171;1.050;2;31,116;;;;;;;;;;;;;;;;;;;;;
2172;1.881;2;42,092;;;;;;;;;;;;;;;;;;;;;
2173;1.096;4;24,368;;;;;;;;;;;;;;;;;;;;;
2174;2.032;19;35,999;;;;;;;;;;;;;;;;;;;;;
2175;1.372;2;39,171;;;;;;;;;;;;;;;;;;;;;
2176;3.200;3;56,646;;;;;;;;;;;;;;;;;;;;;
2177;2.656;1;50,952;;;;;;;;;;;;;;;;;;;;;
2178;662;4;23,698;;;;;;;;;;;;;;;;;;;;;
2179;1.604;3;36,064;;;;;;;;;;;;;;;;;;;;;
2180;4.245;1;59,745;;;;;;;;;;;;;;;;;;;;;
2181;613;3;25,069;;;;;;;;;;;;;;;;;;;;;
2182;1.180;3;31,01;;;;;;;;;;;;;;;;;;;;;
2183;865;2;27,878;;;;;;;;;;;;;;;;;;;;;
2184;1.098;4;28,887;;;;;;;;;;;;;;;;;;;;;
2185;1.051;4;30,606;;;;;;;;;;;;;;;;;;;;;
2186;636;3;24,997;;;;;;;;;;;;;;;;;;;;;
2187;200;4;10,912;;;;;;;;;;;;;;;;;;;;;
2188;814;4;27,439;;;;;;;;;;;;;;;;;;;;;
2189;193;5;12,512;;;;;;;;;;;;;;;;;;;;;
2190;512;2;18,665;;;;;;;;;;;;;;;;;;;;;
2191;1.355;2;37;;;;;;;;;;;;;;;;;;;;;
2192;1.114;4;25,907;;;;;;;;;;;;;;;;;;;;;
2193;1.020;3;35,928;;;;;;;;;;;;;;;;;;;;;
2194;2.405;2;49,952;;;;;;;;;;;;;;;;;;;;;
2195;367;2;17,082;;;;;;;;;;;;;;;;;;;;;
2196;1.702;2;38,494;;;;;;;;;;;;;;;;;;;;;
2197;3.019;3;50,968;;;;;;;;;;;;;;;;;;;;;
2198;525;6;19,618;;;;;;;;;;;;;;;;;;;;;
2199;1.208;2;25,436;;;;;;;;;;;;;;;;;;;;;
2200;3.433;3;60,097;;;;;;;;;;;;;;;;;;;;;
2201;1.438;1;40,09;;;;;;;;;;;;;;;;;;;;;
2202;1.470;2;36,951;;;;;;;;;;;;;;;;;;;;;
2203;1.182;3;32,955;;;;;;;;;;;;;;;;;;;;;
2204;266;4;17,586;;;;;;;;;;;;;;;;;;;;;
2205;1.925;3;42,626;;;;;;;;;;;;;;;;;;;;;
2206;1.290;2;30,922;;;;;;;;;;;;;;;;;;;;;
2207;1.135;2;32,103;;;;;;;;;;;;;;;;;;;;;
2208;3.365;2;58,582;;;;;;;;;;;;;;;;;;;;;
2209;1.863;6;43,686;;;;;;;;;;;;;;;;;;;;;
2210;908;5;33,025;;;;;;;;;;;;;;;;;;;;;
2211;1.085;2;32,499;;;;;;;;;;;;;;;;;;;;;
2212;3.178;2;32,683;;;;;;;;;;;;;;;;;;;;;
2213;1.006;2;25,75;;;;;;;;;;;;;;;;;;;;;
2214;783;2;29,116;;;;;;;;;;;;;;;;;;;;;
2215;704;2;17,103;;;;;;;;;;;;;;;;;;;;;
2216;627;2;18,982;;;;;;;;;;;;;;;;;;;;;
2217;1.117;3;26,682;;;;;;;;;;;;;;;;;;;;;
2218;611;4;19,998;;;;;;;;;;;;;;;;;;;;;
2219;106;2;9,801;;;;;;;;;;;;;;;;;;;;;
2220;1.227;4;36,139;;;;;;;;;;;;;;;;;;;;;
2221;894;2;29,026;;;;;;;;;;;;;;;;;;;;;
2222;2.148;3;42,1;;;;;;;;;;;;;;;;;;;;;
2223;1.467;30;47,806;;;;;;;;;;;;;;;;;;;;;
2224;1.175;3;29,327;;;;;;;;;;;;;;;;;;;;;
2225;2.361;2;36,907;;;;;;;;;;;;;;;;;;;;;
2226;1.118;6;34,26;;;;;;;;;;;;;;;;;;;;;
2227;1.569;1;35,749;;;;;;;;;;;;;;;;;;;;;
2228;987;2;22,5;;;;;;;;;;;;;;;;;;;;;
2229;1.600;1;27,049;;;;;;;;;;;;;;;;;;;;;
2230;1.923;2;28,136;;;;;;;;;;;;;;;;;;;;;
2231;1.032;4;22,684;;;;;;;;;;;;;;;;;;;;;
2232;2.273;1;49,714;;;;;;;;;;;;;;;;;;;;;
2233;1.302;2;28,221;;;;;;;;;;;;;;;;;;;;;
2234;1.182;2;32,199;;;;;;;;;;;;;;;;;;;;;
2235;1.316;2;42,812;;;;;;;;;;;;;;;;;;;;;
2236;1.401;2;29,035;;;;;;;;;;;;;;;;;;;;;
2237;337;13;19,879;;;;;;;;;;;;;;;;;;;;;
2238;1.577;3;29,703;;;;;;;;;;;;;;;;;;;;;
2239;500;5;21,394;;;;;;;;;;;;;;;;;;;;;
2240;1.061;12;30,396;;;;;;;;;;;;;;;;;;;;;
2241;1.457;2;28,139;;;;;;;;;;;;;;;;;;;;;
2242;402;4;12,833;;;;;;;;;;;;;;;;;;;;;
2243;479;4;16,5;;;;;;;;;;;;;;;;;;;;;
2244;2.563;2;52,605;;;;;;;;;;;;;;;;;;;;;
2245;2.558;2;49,662;;;;;;;;;;;;;;;;;;;;;
2246;2.428;3;55,769;;;;;;;;;;;;;;;;;;;;;
2247;2.144;3;30,547;;;;;;;;;;;;;;;;;;;;;
2248;270;22;12,07;;;;;;;;;;;;;;;;;;;;;
2249;1.643;3;36,072;;;;;;;;;;;;;;;;;;;;;
2250;4.055;4;60,34;;;;;;;;;;;;;;;;;;;;;
2251;1.268;2;35,714;;;;;;;;;;;;;;;;;;;;;
2252;1.026;2;26,114;;;;;;;;;;;;;;;;;;;;;
2253;531;19;20,075;;;;;;;;;;;;;;;;;;;;;
2254;530;3;12,924;;;;;;;;;;;;;;;;;;;;;
2255;979;3;22,99;;;;;;;;;;;;;;;;;;;;;
2256;1.351;3;32,407;;;;;;;;;;;;;;;;;;;;;
2257;159;14;14,096;;;;;;;;;;;;;;;;;;;;;
2258;524;3;20,889;;;;;;;;;;;;;;;;;;;;;
2259;1.044;10;30,677;;;;;;;;;;;;;;;;;;;;;
2260;789;3;25,359;;;;;;;;;;;;;;;;;;;;;
2261;875;3;20,715;;;;;;;;;;;;;;;;;;;;;
2262;905;3;26,303;;;;;;;;;;;;;;;;;;;;;
2263;528;4;16,067;;;;;;;;;;;;;;;;;;;;;
2264;510;4;20,124;;;;;;;;;;;;;;;;;;;;;
2265;997;3;35,086;;;;;;;;;;;;;;;;;;;;;
2266;1.369;5;37,173;;;;;;;;;;;;;;;;;;;;;
2267;491;2;17,928;;;;;;;;;;;;;;;;;;;;;
2268;291;17;14,337;;;;;;;;;;;;;;;;;;;;;
2269;1.922;3;46,338;;;;;;;;;;;;;;;;;;;;;
2270;255;4;17,641;;;;;;;;;;;;;;;;;;;;;
2271;2.993;13;52,333;;;;;;;;;;;;;;;;;;;;;
2272;129;7;14,332;;;;;;;;;;;;;;;;;;;;;
2273;639;5;21,223;;;;;;;;;;;;;;;;;;;;;
2274;1.127;6;27,077;;;;;;;;;;;;;;;;;;;;;
2275;102;5;6,786;;;;;;;;;;;;;;;;;;;;;
;1.559;;;;;;;;;;;;;;;;;;;;;;;
